{"stats":{"minecraft:picked_up":{"minecraft:crafting_table":1,"minecraft:exposed_copper":17,"minecraft:prismarine_shard":1,"minecraft:music_disc_cat":1,"minecraft:string":4,"minecraft:raw_copper":17,"minecraft:moss_carpet":4,"zombie_more:acid_drool":1,"tacz:ammo":239,"minecraft:cracked_stone_bricks":2,"minecraft:cobbled_deepslate":61,"minecraft:beef":17,"minecraft:chest":1,"minecraft:birch_sapling":3,"minecraft:egg":1,"minecraft:furnace":2,"minecraft:stick":5,"minecraft:raw_iron":176,"projectvibrantjourneys:bark_mushroom":2,"minecraft:torch":3,"minecraft:porkchop":3,"minecraft:diorite":44,"minecraft:redstone":80,"minecraft:quartz_block":4,"minecraft:arrow":10,"minecraft:rotten_flesh":21,"minecraft:hay_block":7,"minecraft:cyan_terracotta":7,"minecraft:saddle":1,"minecraft:mutton":6,"minecraft:cobblestone":529,"minecraft:white_wool":5,"minecraft:birch_log":6,"minecraft:enchanting_table":1,"minecraft:feather":1,"minecraft:andesite":76,"minecraft:leather":6,"minecraft:copper_block":16,"minecraft:red_mushroom":3,"minecraft:tuff":12,"minecraft:oak_log":30,"minecraft:gunpowder":5,"projectvibrantjourneys:oak_hollow_log":8,"minecraft:lapis_lazuli":33,"minecraft:dirt":58,"minecraft:bone":17,"minecraft:exposed_cut_copper_stairs":3,"minecraft:apple":3,"minecraft:stone_bricks":14,"minecraft:wheat_seeds":4,"minecraft:iron_ingot":1,"minecraft:oak_planks":36,"minecraft:book":12,"projectvibrantjourneys:light_brown_bark_mushroom":3,"minecraft:dandelion":2,"minecraft:gravel":18,"minecraft:spider_eye":3,"alexsmobs:animal_dictionary":1,"minecraft:diamond":8,"tacz:modern_kinetic_gun":6,"minecraft:granite":43,"projectvibrantjourneys:twigs":1,"projectvibrantjourneys:orange_bark_mushroom":1,"minecraft:oak_sapling":6,"minecraft:coal":75},"minecraft:killed_by":{"minecraft:zombie":1},"minecraft:custom":{"minecraft:mob_kills":40,"minecraft:interact_with_crafting_table":23,"minecraft:open_barrel":2,"minecraft:damage_dealt_resisted":58,"minecraft:leave_game":1,"minecraft:time_since_death":22201,"minecraft:climb_one_cm":17304,"minecraft:sprint_one_cm":306734,"minecraft:walk_one_cm":284059,"minecraft:drop":42,"minecraft:talked_to_villager":1,"minecraft:play_time":115732,"minecraft:deaths":11,"minecraft:sneak_time":2162,"minecraft:walk_under_water_one_cm":8659,"minecraft:jump":2107,"minecraft:walk_on_water_one_cm":11471,"minecraft:total_world_time":115732,"minecraft:interact_with_furnace":71,"minecraft:sleep_in_bed":4,"minecraft:time_since_rest":22239,"minecraft:damage_taken":5164,"minecraft:damage_dealt":4035,"minecraft:fly_one_cm":417345,"minecraft:swim_one_cm":32244,"minecraft:open_chest":41,"minecraft:crouch_one_cm":1310,"minecraft:fall_one_cm":41402},"minecraft:used":{"minecraft:flint_and_steel":25,"tacz:gun_smith_table":1,"minecraft:chest":2,"minecraft:rotten_flesh":4,"minecraft:exposed_cut_copper_stairs":3,"minecraft:torch":12,"minecraft:dirt":28,"minecraft:birch_sapling":3,"minecraft:quartz_block":2,"minecraft:golden_sword":16,"minecraft:birch_button":1,"minecraft:furnace":11,"minecraft:egg":1,"minecraft:cooked_beef":14,"minecraft:cobbled_deepslate":5,"minecraft:cooked_mutton":3,"minecraft:diorite":9,"minecraft:stone_pickaxe":262,"minecraft:oak_planks":3,"minecraft:wooden_pickaxe":35,"minecraft:crafting_table":5,"minecraft:white_bed":1,"minecraft:exposed_copper":17,"minecraft:bread":13,"minecraft:oak_button":1,"minecraft:iron_pickaxe":866,"minecraft:gravel":2,"minecraft:stone_axe":113,"minecraft:wooden_sword":20,"minecraft:cobblestone":200,"minecraft:cooked_porkchop":2,"minecraft:andesite":18,"alexsmobs:animal_dictionary":1,"minecraft:dandelion":2},"minecraft:killed":{"zombie_more:cursed_zombie":1,"minecraft:spider":5,"minecraft:skeleton":8,"zombie_more:boomer_zombie":1,"minecraft:pig":2,"minecraft:sheep":5,"minecraft:zombie":7,"alexsmobs:crow":1,"minecraft:cow":8},"minecraft:mined":{"minecraft:tuff":12,"minecraft:blue_stained_glass_pane":7,"minecraft:deepslate_diamond_ore":8,"minecraft:jungle_leaves":1,"projectvibrantjourneys:rocks":1,"minecraft:granite":44,"minecraft:grass_block":7,"minecraft:white_stained_glass":2,"minecraft:exposed_cut_copper_stairs":5,"minecraft:light_blue_stained_glass":6,"minecraft:hay_block":7,"minecraft:redstone_ore":9,"minecraft:furnace":2,"minecraft:iron_ore":160,"minecraft:andesite":76,"minecraft:enchanting_table":1,"minecraft:dirt_path":2,"minecraft:bookshelf":4,"minecraft:deepslate_iron_ore":17,"projectvibrantjourneys:seashells":2,"minecraft:stone":528,"minecraft:deepslate_redstone_ore":9,"minecraft:glass_pane":2,"minecraft:quartz_block":4,"minecraft:cyan_terracotta":7,"minecraft:exposed_copper":18,"minecraft:blue_stained_glass":4,"minecraft:dandelion":3,"minecraft:crafting_table":1,"projectvibrantjourneys:twigs":4,"minecraft:gray_stained_glass":2,"minecraft:glass":4,"minecraft:cobblestone":3,"minecraft:tall_grass":5,"minecraft:copper_ore":5,"minecraft:lapis_ore":6,"minecraft:oak_planks":2,"minecraft:diorite":44,"minecraft:wall_torch":4,"projectvibrantjourneys:light_brown_bark_mushroom":1,"minecraft:birch_log":6,"projectvibrantjourneys:bones":1,"minecraft:copper_block":17,"minecraft:grass":16,"minecraft:coal_ore":73,"minecraft:oak_log":30,"projectvibrantjourneys:short_grass":12,"minecraft:gravel":18,"minecraft:dirt":48,"minecraft:cracked_stone_bricks":2,"minecraft:stone_bricks":14,"projectvibrantjourneys:oak_hollow_log":8,"minecraft:deepslate":62},"minecraft:broken":{"minecraft:stone_pickaxe":2,"minecraft:stone_axe":1,"minecraft:iron_pickaxe":2},"minecraft:dropped":{"minecraft:wheat_seeds":4,"minecraft:prismarine_shard":1,"projectvibrantjourneys:orange_bark_mushroom":1,"minecraft:red_mushroom":3,"tacz:modern_kinetic_gun":5,"minecraft:wooden_sword":1,"projectvibrantjourneys:bark_mushroom":2,"minecraft:moss_carpet":4,"minecraft:golden_chestplate":1,"alexsmobs:animal_dictionary":1,"minecraft:rotten_flesh":3,"projectvibrantjourneys:light_brown_bark_mushroom":2,"zombie_more:acid_drool":1,"minecraft:oak_sapling":3,"minecraft:spider_eye":1,"tacz:ammo":118,"minecraft:wooden_pickaxe":1},"minecraft:crafted":{"minecraft:wooden_sword":1,"minecraft:smooth_stone":3,"minecraft:oak_planks":72,"minecraft:furnace":9,"minecraft:cooked_mutton":3,"minecraft:stone_pickaxe":2,"minecraft:chest":2,"minecraft:oak_button":1,"minecraft:birch_button":1,"minecraft:wheat":63,"minecraft:cooked_beef":17,"minecraft:cooked_porkchop":2,"minecraft:crafting_table":5,"minecraft:wooden_pickaxe":1,"tacz:gun_smith_table":1,"minecraft:copper_ingot":144,"minecraft:birch_planks":24,"minecraft:stone_axe":1,"minecraft:bread":21,"minecraft:air":0,"minecraft:stick":24,"minecraft:iron_ingot":98,"minecraft:iron_pickaxe":4,"minecraft:iron_block":1,"minecraft:white_bed":1,"minecraft:torch":16}},"DataVersion":3465}