{"stats":{"minecraft:picked_up":{"minecraft:wooden_axe":1,"minecraft:wheat":809,"minecraft:exposed_copper":14,"minecraft:anvil":1,"minecraft:smithing_table":1,"minecraft:diamond_sword":2,"minecraft:oak_stairs":2,"minecraft:golden_sword":1,"minecraft:string":16,"minecraft:raw_copper":80,"zombie_more:acid_drool":2,"minecraft:beetroot":3,"minecraft:diamond_leggings":2,"minecraft:gold_nugget":3,"minecraft:cobbled_deepslate":51,"minecraft:iron_pickaxe":1,"minecraft:enchanted_golden_apple":1,"minecraft:stick":51,"minecraft:oak_fence":4,"minecraft:torch":15,"tacz:attachment":2,"minecraft:diorite":5,"minecraft:quartz_block":55,"minecraft:rotten_flesh":123,"projectvibrantjourneys:cattail":11,"minecraft:blaze_rod":4,"alexsmobs:lobster_tail":1,"minecraft:cobblestone":63,"minecraft:birch_log":2,"minecraft:cooked_beef":5,"minecraft:iron_door":1,"minecraft:andesite":3,"projectvibrantjourneys:fallen_leaves":3,"minecraft:copper_block":18,"minecraft:potato":60,"minecraft:flint":56,"projectvibrantjourneys:rocks":4,"minecraft:dirt":281,"minecraft:lapis_lazuli":80,"securitycraft:sentry":1,"zombie_more:brain":1,"minecraft:glass":21,"minecraft:bone":18,"minecraft:gray_terracotta":4,"minecraft:wheat_seeds":2053,"minecraft:raw_gold":1,"minecraft:grindstone":1,"minecraft:fletching_table":1,"minecraft:diamond_helmet":2,"minecraft:oak_planks":66,"minecraft:sand":39,"cfm:oak_upgraded_fence":2,"minecraft:ink_sac":3,"minecraft:grass_block":1,"minecraft:diamond":3,"minecraft:bone_meal":1,"minecraft:bread":27,"alexsmobs:maggot":2,"minecraft:oak_sapling":78,"minecraft:clay_ball":4,"minecraft:wooden_pickaxe":1,"minecraft:cornflower":6,"tacz:ammo":1200,"minecraft:beef":25,"minecraft:oak_boat":3,"minecraft:poppy":1,"minecraft:lectern":2,"minecraft:sugar_cane":296,"minecraft:egg":2,"minecraft:raw_iron":28,"minecraft:oak_door":2,"minecraft:copper_ingot":70,"projectvibrantjourneys:bark_mushroom":1,"zombie_more:cursed_heart":1,"minecraft:carrot":141,"minecraft:redstone":19,"minecraft:diamond_chestplate":2,"minecraft:beetroot_seeds":10,"minecraft:diamond_boots":2,"minecraft:hay_block":22,"minecraft:mutton":3,"minecraft:white_wool":2,"minecraft:stripped_oak_log":1,"minecraft:leather":5,"overworld_netherite_ore:ancientdebrispiece":2,"minecraft:oak_log":132,"minecraft:yellow_bed":1,"minecraft:gunpowder":21,"minecraft:white_banner":2,"minecraft:apple":6,"minecraft:stone_bricks":83,"minecraft:kelp":2,"minecraft:oak_fence_gate":1,"minecraft:iron_ingot":10,"minecraft:cooked_chicken":2,"minecraft:glass_bottle":1,"minecraft:iron_sword":1,"sophisticatedbackpacks:diamond_backpack":2,"minecraft:book":35,"minecraft:dandelion":24,"minecraft:gravel":485,"minecraft:weathered_copper":4,"minecraft:white_bed":4,"minecraft:spider_eye":7,"minecraft:polished_diorite":2,"tacz:modern_kinetic_gun":3,"minecraft:coal":32,"minecraft:ender_pearl":3},"minecraft:broken":{"minecraft:iron_shovel":1,"minecraft:iron_boots":1,"minecraft:iron_chestplate":1,"minecraft:iron_leggings":1,"minecraft:stone_pickaxe":1,"minecraft:stone_axe":2,"minecraft:stone_shovel":2,"minecraft:stone_hoe":2,"minecraft:shield":1,"minecraft:iron_helmet":1},"minecraft:mined":{"minecraft:white_bed":4,"minecraft:oak_sapling":2,"minecraft:grass_block":182,"minecraft:polished_diorite":2,"minecraft:iron_ore":18,"minecraft:cobbled_deepslate":8,"projectvibrantjourneys:bark_mushroom":1,"minecraft:deepslate_lapis_ore":10,"minecraft:anvil":1,"minecraft:fletching_table":1,"minecraft:dirt_path":3,"projectvibrantjourneys:cattail":9,"minecraft:deepslate_redstone_ore":4,"minecraft:gray_terracotta":3,"minecraft:quartz_block":55,"minecraft:exposed_copper":14,"minecraft:clay":1,"minecraft:torch":5,"projectvibrantjourneys:twigs":12,"minecraft:cobblestone":3,"minecraft:sugar_cane":219,"projectvibrantjourneys:fallen_leaves":2,"minecraft:oak_planks":20,"minecraft:grindstone":1,"minecraft:iron_door":1,"minecraft:wall_torch":8,"minecraft:deepslate_copper_ore":16,"minecraft:seagrass":2,"minecraft:birch_log":2,"minecraft:wheat":849,"projectvibrantjourneys:bones":10,"overworld_netherite_ore:deepslate_ancient_debris_ore":2,"minecraft:copper_block":18,"minecraft:grass":21,"minecraft:oak_log":132,"minecraft:beetroots":3,"projectvibrantjourneys:short_grass":39,"minecraft:oak_fence_gate":1,"minecraft:dirt":40,"minecraft:sand":33,"minecraft:oak_leaves":7,"minecraft:deepslate":38,"minecraft:blue_stained_glass_pane":2,"minecraft:deepslate_diamond_ore":1,"projectvibrantjourneys:rocks":7,"minecraft:weathered_copper":4,"minecraft:kelp":3,"minecraft:hay_block":22,"minecraft:carrots":39,"minecraft:andesite":3,"minecraft:bookshelf":8,"minecraft:potatoes":14,"minecraft:deepslate_iron_ore":11,"projectvibrantjourneys:seashells":3,"minecraft:stone":57,"minecraft:smithing_table":1,"minecraft:glass_pane":2,"minecraft:oak_fence":4,"minecraft:lectern":2,"projectvibrantjourneys:mossy_rocks":1,"minecraft:copper_ore":8,"minecraft:tall_grass":3,"minecraft:diorite":5,"minecraft:birch_leaves":3,"minecraft:yellow_bed":1,"minecraft:coal_ore":39,"minecraft:gravel":438,"minecraft:stone_bricks":82},"minecraft:killed":{"zombie_more:cursed_zombie":5,"alexsmobs:lobster":2,"zombie_more:tank_zombie":3,"minecraft:zombified_piglin":6,"minecraft:witch":1,"minecraft:spider":13,"minecraft:zombie_horse":2,"zombie_more:boomer_zombie":1,"minecraft:zombie_villager":1,"minecraft:sheep":2,"minecraft:pillager":1,"minecraft:zombie":41,"alexsmobs:fly":1,"minecraft:cow":4,"minecraft:blaze":10,"minecraft:phantom":14,"alexsmobs:bison":1,"minecraft:drowned":14,"minecraft:husk":23,"zombie_more:crawler_zombie":4,"alexsmobs:crow":1,"minecraft:enderman":1},"minecraft:killed_by":{"minecraft:zombie":1,"minecraft:husk":2},"minecraft:used":{"minecraft:iron_shovel":252,"minecraft:poppy":1,"minecraft:chest":5,"minecraft:shield":62,"minecraft:iron_sword":112,"minecraft:rotten_flesh":2,"minecraft:weathered_copper":4,"minecraft:carrot":6,"minecraft:lava_bucket":3,"alexsmobs:lobster_tail":1,"minecraft:iron_helmet":1,"minecraft:stone_bricks":5,"minecraft:oak_sapling":11,"minecraft:furnace":2,"minecraft:egg":2,"projectvibrantjourneys:rocks":4,"minecraft:diamond_boots":1,"minecraft:stone_pickaxe":204,"minecraft:oak_planks":73,"minecraft:wooden_pickaxe":3,"minecraft:sugar_cane":27,"minecraft:white_wool":1,"minecraft:sand":1,"minecraft:exposed_copper":14,"minecraft:bread":188,"minecraft:gravel":485,"minecraft:diamond_sword":151,"minecraft:grindstone":1,"minecraft:smithing_table":1,"minecraft:andesite":3,"minecraft:oak_boat":4,"minecraft:bone_meal":65,"minecraft:oak_fence":3,"minecraft:stone_shovel":415,"minecraft:stone_hoe":329,"minecraft:oak_door":1,"minecraft:torch":35,"minecraft:dirt":196,"minecraft:anvil":1,"minecraft:diamond_helmet":1,"minecraft:oak_fence_gate":1,"minecraft:wooden_axe":39,"alexsmobs:maggot":2,"projectvibrantjourneys:fallen_leaves":2,"minecraft:diamond_chestplate":1,"securitycraft:sentry":1,"minecraft:beef":10,"projectvibrantjourneys:cattail":5,"minecraft:cooked_beef":27,"minecraft:cobbled_deepslate":10,"minecraft:enchanted_golden_apple":1,"minecraft:wheat_seeds":1127,"minecraft:water_bucket":39,"minecraft:birch_planks":2,"minecraft:fletching_table":2,"minecraft:crafting_table":3,"minecraft:white_bed":4,"minecraft:smoker":2,"minecraft:diamond_pickaxe":32,"minecraft:cornflower":6,"minecraft:apple":1,"minecraft:iron_pickaxe":168,"minecraft:stone_axe":311,"minecraft:cobblestone":14,"minecraft:white_banner":2,"minecraft:bucket":45,"alexsmobs:animal_dictionary":2,"minecraft:dandelion":2,"minecraft:diamond_leggings":1},"minecraft:dropped":{"zombie_more:brain":1,"minecraft:iron_sword":1,"minecraft:cooked_beef":14,"minecraft:oak_log":60,"minecraft:ender_pearl":2,"minecraft:diamond":4,"cfm:oak_upgraded_fence":2,"minecraft:gold_nugget":1,"minecraft:white_wool":1,"projectvibrantjourneys:bark_mushroom":1,"minecraft:oak_door":1,"minecraft:rotten_flesh":19,"sophisticatedbackpacks:diamond_backpack":2,"minecraft:quartz_block":55,"minecraft:beef":5,"projectvibrantjourneys:cattail":3,"minecraft:lectern":1,"minecraft:bread":130,"minecraft:wheat_seeds":102,"minecraft:grass_block":1,"minecraft:golden_apple":2,"minecraft:stick":7,"minecraft:torch":15,"minecraft:wooden_axe":1,"minecraft:oak_stairs":2,"tacz:modern_kinetic_gun":1,"minecraft:string":15,"minecraft:raw_iron":6,"minecraft:clay_ball":4,"minecraft:stripped_oak_log":1,"minecraft:diamond_pickaxe":1,"minecraft:stone_bricks":37,"minecraft:spider_eye":2,"minecraft:bow":1,"minecraft:wooden_pickaxe":1,"minecraft:raw_gold":1},"minecraft:custom":{"minecraft:animals_bred":3,"minecraft:interact_with_crafting_table":79,"minecraft:open_barrel":9,"minecraft:leave_game":20,"minecraft:time_since_death":135762,"minecraft:sprint_one_cm":1826378,"minecraft:damage_blocked_by_shield":3166,"minecraft:drop":71,"minecraft:talked_to_villager":10,"minecraft:play_time":549635,"minecraft:deaths":18,"minecraft:jump":12824,"minecraft:interact_with_brewingstand":1,"minecraft:walk_on_water_one_cm":77191,"minecraft:interact_with_furnace":67,"minecraft:sleep_in_bed":27,"minecraft:damage_dealt":25573,"minecraft:crouch_one_cm":120455,"minecraft:interact_with_smoker":16,"minecraft:mob_kills":157,"minecraft:interact_with_anvil":1,"minecraft:damage_dealt_resisted":1627,"minecraft:climb_one_cm":6065,"minecraft:walk_one_cm":1600219,"minecraft:sneak_time":35924,"minecraft:walk_under_water_one_cm":55432,"minecraft:boat_one_cm":293346,"minecraft:interact_with_blast_furnace":11,"minecraft:total_world_time":549635,"minecraft:interact_with_stonecutter":1,"minecraft:time_since_rest":219,"minecraft:damage_taken":14626,"minecraft:swim_one_cm":55629,"minecraft:fly_one_cm":2569983,"minecraft:open_chest":510,"minecraft:fall_one_cm":314434},"minecraft:crafted":{"minecraft:oak_planks":428,"minecraft:bow":1,"minecraft:chest":6,"minecraft:stone_hoe":2,"minecraft:smoker":2,"minecraft:deepslate":3,"minecraft:crafting_table":3,"minecraft:wooden_pickaxe":1,"minecraft:iron_helmet":1,"minecraft:copper_ingot":198,"minecraft:fletching_table":1,"minecraft:birch_planks":8,"minecraft:paper":66,"minecraft:charcoal":10,"minecraft:shield":2,"minecraft:stick":104,"minecraft:iron_ingot":43,"minecraft:iron_pickaxe":2,"minecraft:stone_shovel":3,"minecraft:furnace":4,"minecraft:bone_meal":81,"minecraft:stone_pickaxe":2,"minecraft:wheat":198,"minecraft:cooked_beef":36,"minecraft:sugar":203,"minecraft:iron_sword":1,"minecraft:bucket":2,"minecraft:stone_axe":5,"minecraft:bread":347,"minecraft:air":0,"minecraft:oak_boat":3,"minecraft:gunpowder":93,"minecraft:wooden_axe":2,"minecraft:iron_shovel":1,"minecraft:torch":64}},"DataVersion":3465}