{"stats":{"minecraft:custom":{"minecraft:interact_with_anvil":1,"minecraft:mob_kills":115,"minecraft:animals_bred":3,"minecraft:interact_with_crafting_table":69,"minecraft:damage_dealt_resisted":905,"minecraft:leave_game":18,"minecraft:time_since_death":70239,"minecraft:climb_one_cm":5265,"minecraft:sprint_one_cm":1605455,"minecraft:walk_one_cm":1368699,"minecraft:damage_blocked_by_shield":2884,"minecraft:drop":61,"minecraft:talked_to_villager":6,"minecraft:play_time":484112,"minecraft:sneak_time":34118,"minecraft:deaths":18,"minecraft:walk_under_water_one_cm":35908,"minecraft:boat_one_cm":115191,"minecraft:jump":11676,"minecraft:interact_with_brewingstand":1,"minecraft:interact_with_blast_furnace":11,"minecraft:walk_on_water_one_cm":58947,"minecraft:total_world_time":484112,"minecraft:interact_with_furnace":67,"minecraft:interact_with_stonecutter":1,"minecraft:sleep_in_bed":22,"minecraft:time_since_rest":39231,"minecraft:damage_taken":12646,"minecraft:damage_dealt":17665,"minecraft:swim_one_cm":52839,"minecraft:fly_one_cm":2346855,"minecraft:open_chest":462,"minecraft:crouch_one_cm":116677,"minecraft:interact_with_smoker":16,"minecraft:fall_one_cm":291669},"minecraft:killed":{"zombie_more:cursed_zombie":5,"alexsmobs:lobster":2,"zombie_more:tank_zombie":3,"minecraft:zombified_piglin":6,"minecraft:witch":1,"minecraft:spider":6,"minecraft:zombie_horse":2,"minecraft:phantom":13,"alexsmobs:bison":1,"minecraft:drowned":4,"minecraft:husk":18,"minecraft:zombie_villager":1,"zombie_more:crawler_zombie":4,"minecraft:sheep":2,"minecraft:pillager":1,"minecraft:zombie":34,"alexsmobs:fly":1,"alexsmobs:crow":1,"minecraft:enderman":1,"minecraft:cow":4},"minecraft:killed_by":{"minecraft:husk":2,"minecraft:zombie":1},"minecraft:mined":{"minecraft:white_bed":4,"minecraft:oak_sapling":2,"minecraft:blue_stained_glass_pane":2,"minecraft:deepslate_diamond_ore":1,"projectvibrantjourneys:rocks":7,"minecraft:grass_block":182,"minecraft:weathered_copper":4,"minecraft:hay_block":22,"minecraft:carrots":39,"minecraft:iron_ore":18,"minecraft:cobbled_deepslate":8,"minecraft:andesite":3,"projectvibrantjourneys:bark_mushroom":1,"minecraft:anvil":1,"minecraft:deepslate_lapis_ore":10,"minecraft:dirt_path":3,"minecraft:bookshelf":8,"minecraft:potatoes":14,"minecraft:deepslate_iron_ore":11,"projectvibrantjourneys:seashells":1,"minecraft:stone":57,"projectvibrantjourneys:cattail":6,"minecraft:deepslate_redstone_ore":4,"minecraft:gray_terracotta":3,"minecraft:glass_pane":2,"minecraft:quartz_block":55,"minecraft:exposed_copper":14,"minecraft:oak_fence":3,"minecraft:clay":1,"minecraft:torch":4,"projectvibrantjourneys:twigs":12,"projectvibrantjourneys:mossy_rocks":1,"minecraft:lectern":2,"minecraft:cobblestone":3,"minecraft:copper_ore":8,"minecraft:tall_grass":3,"minecraft:oak_planks":20,"projectvibrantjourneys:fallen_leaves":2,"minecraft:sugar_cane":77,"minecraft:diorite":5,"minecraft:wall_torch":4,"minecraft:deepslate_copper_ore":16,"minecraft:seagrass":1,"minecraft:birch_log":2,"minecraft:wheat":636,"projectvibrantjourneys:bones":9,"minecraft:birch_leaves":3,"minecraft:copper_block":18,"minecraft:yellow_bed":1,"overworld_netherite_ore:deepslate_ancient_debris_ore":2,"minecraft:grass":21,"minecraft:oak_log":132,"minecraft:coal_ore":39,"projectvibrantjourneys:short_grass":39,"minecraft:beetroots":3,"minecraft:oak_fence_gate":1,"minecraft:gravel":201,"minecraft:sand":32,"minecraft:dirt":40,"minecraft:stone_bricks":82,"minecraft:oak_leaves":7,"minecraft:deepslate":38},"minecraft:used":{"minecraft:oak_fence":3,"minecraft:iron_shovel":19,"minecraft:stone_shovel":415,"minecraft:poppy":1,"minecraft:chest":5,"minecraft:shield":53,"minecraft:iron_sword":112,"minecraft:stone_hoe":324,"minecraft:rotten_flesh":1,"minecraft:oak_door":1,"minecraft:torch":26,"minecraft:weathered_copper":4,"minecraft:dirt":196,"minecraft:anvil":1,"minecraft:carrot":6,"minecraft:oak_fence_gate":1,"minecraft:wooden_axe":39,"alexsmobs:maggot":2,"projectvibrantjourneys:fallen_leaves":2,"minecraft:lava_bucket":3,"alexsmobs:lobster_tail":1,"minecraft:iron_helmet":1,"minecraft:stone_bricks":5,"securitycraft:sentry":1,"minecraft:beef":10,"projectvibrantjourneys:cattail":3,"minecraft:furnace":2,"minecraft:oak_sapling":11,"minecraft:egg":2,"minecraft:cooked_beef":27,"minecraft:cobbled_deepslate":10,"minecraft:wheat_seeds":910,"projectvibrantjourneys:rocks":4,"minecraft:water_bucket":34,"minecraft:birch_planks":2,"minecraft:stone_pickaxe":204,"minecraft:oak_planks":72,"minecraft:wooden_pickaxe":3,"minecraft:sugar_cane":25,"minecraft:white_wool":1,"minecraft:crafting_table":3,"minecraft:white_bed":4,"minecraft:smoker":2,"minecraft:exposed_copper":14,"minecraft:diamond_pickaxe":32,"minecraft:cornflower":6,"minecraft:apple":1,"minecraft:bread":154,"minecraft:iron_pickaxe":164,"minecraft:gravel":270,"minecraft:stone_axe":309,"minecraft:diamond_sword":23,"minecraft:cobblestone":14,"minecraft:white_banner":2,"minecraft:bucket":40,"minecraft:andesite":3,"alexsmobs:animal_dictionary":2,"minecraft:oak_boat":4,"minecraft:bone_meal":65,"minecraft:dandelion":2},"minecraft:dropped":{"minecraft:bread":104,"zombie_more:brain":1,"minecraft:cooked_beef":14,"minecraft:iron_sword":1,"minecraft:wheat_seeds":102,"minecraft:oak_log":60,"minecraft:ender_pearl":2,"minecraft:diamond":4,"minecraft:grass_block":1,"minecraft:stick":7,"minecraft:torch":15,"cfm:oak_upgraded_fence":2,"minecraft:wooden_axe":1,"tacz:modern_kinetic_gun":1,"minecraft:oak_stairs":2,"minecraft:gold_nugget":1,"minecraft:string":15,"minecraft:white_wool":1,"projectvibrantjourneys:bark_mushroom":1,"minecraft:oak_door":1,"minecraft:raw_iron":6,"minecraft:rotten_flesh":13,"minecraft:clay_ball":4,"minecraft:stripped_oak_log":1,"sophisticatedbackpacks:diamond_backpack":1,"minecraft:diamond_pickaxe":1,"minecraft:quartz_block":55,"minecraft:spider_eye":2,"minecraft:stone_bricks":37,"minecraft:bow":1,"minecraft:wooden_pickaxe":1,"minecraft:beef":5,"minecraft:raw_gold":1,"minecraft:lectern":1},"minecraft:broken":{"minecraft:iron_boots":1,"minecraft:iron_chestplate":1,"minecraft:iron_leggings":1,"minecraft:stone_hoe":1,"minecraft:stone_pickaxe":1,"minecraft:shield":1,"minecraft:stone_axe":2,"minecraft:iron_helmet":1,"minecraft:stone_shovel":2},"minecraft:crafted":{"minecraft:oak_planks":332,"minecraft:stone_shovel":3,"minecraft:furnace":4,"minecraft:bone_meal":81,"minecraft:bow":1,"minecraft:stone_pickaxe":2,"minecraft:chest":6,"minecraft:stone_hoe":2,"minecraft:smoker":2,"minecraft:wheat":198,"minecraft:cooked_beef":36,"minecraft:sugar":74,"minecraft:deepslate":3,"minecraft:crafting_table":3,"minecraft:wooden_pickaxe":1,"minecraft:iron_helmet":1,"minecraft:iron_sword":1,"minecraft:copper_ingot":162,"minecraft:bucket":2,"minecraft:birch_planks":8,"minecraft:stone_axe":4,"minecraft:bread":265,"minecraft:air":0,"minecraft:oak_boat":3,"minecraft:charcoal":10,"minecraft:shield":2,"minecraft:stick":104,"minecraft:gunpowder":30,"minecraft:iron_ingot":43,"minecraft:iron_pickaxe":2,"minecraft:wooden_axe":2,"minecraft:iron_shovel":1,"minecraft:torch":64},"minecraft:picked_up":{"minecraft:wooden_axe":1,"minecraft:wheat":603,"minecraft:exposed_copper":14,"minecraft:anvil":1,"minecraft:clay_ball":4,"minecraft:oak_stairs":2,"minecraft:diamond_sword":1,"minecraft:wooden_pickaxe":1,"minecraft:golden_sword":1,"minecraft:cornflower":6,"minecraft:string":9,"minecraft:raw_copper":80,"zombie_more:acid_drool":1,"tacz:ammo":1020,"minecraft:beetroot":3,"minecraft:diamond_leggings":1,"minecraft:gold_nugget":3,"minecraft:cobbled_deepslate":51,"minecraft:beef":25,"minecraft:oak_boat":3,"minecraft:poppy":1,"minecraft:lectern":2,"minecraft:sugar_cane":99,"minecraft:egg":2,"minecraft:stick":51,"minecraft:raw_iron":28,"minecraft:oak_door":2,"projectvibrantjourneys:bark_mushroom":1,"minecraft:copper_ingot":69,"minecraft:oak_fence":3,"minecraft:torch":10,"zombie_more:cursed_heart":1,"tacz:attachment":2,"minecraft:diorite":5,"minecraft:carrot":141,"minecraft:redstone":19,"minecraft:quartz_block":55,"minecraft:diamond_chestplate":1,"minecraft:rotten_flesh":85,"minecraft:beetroot_seeds":10,"minecraft:diamond_boots":1,"minecraft:hay_block":22,"projectvibrantjourneys:cattail":6,"minecraft:mutton":3,"alexsmobs:lobster_tail":1,"minecraft:cobblestone":63,"minecraft:white_wool":2,"minecraft:birch_log":2,"minecraft:stripped_oak_log":1,"minecraft:cooked_beef":5,"minecraft:andesite":3,"projectvibrantjourneys:fallen_leaves":3,"minecraft:leather":5,"minecraft:copper_block":18,"minecraft:potato":60,"minecraft:flint":34,"overworld_netherite_ore:ancientdebrispiece":2,"minecraft:oak_log":132,"minecraft:yellow_bed":1,"minecraft:gunpowder":20,"projectvibrantjourneys:rocks":4,"minecraft:lapis_lazuli":80,"minecraft:dirt":281,"securitycraft:sentry":1,"minecraft:white_banner":2,"zombie_more:brain":1,"minecraft:glass":21,"minecraft:bone":15,"minecraft:apple":6,"minecraft:stone_bricks":83,"minecraft:gray_terracotta":4,"minecraft:wheat_seeds":1461,"minecraft:raw_gold":1,"minecraft:iron_ingot":10,"minecraft:oak_fence_gate":1,"minecraft:cooked_chicken":2,"minecraft:diamond_helmet":1,"minecraft:glass_bottle":1,"minecraft:oak_planks":66,"minecraft:iron_sword":1,"sophisticatedbackpacks:diamond_backpack":1,"minecraft:book":33,"minecraft:dandelion":24,"minecraft:weathered_copper":4,"minecraft:gravel":270,"minecraft:sand":38,"cfm:oak_upgraded_fence":2,"minecraft:ink_sac":3,"minecraft:white_bed":4,"minecraft:grass_block":1,"minecraft:spider_eye":2,"minecraft:diamond":3,"tacz:modern_kinetic_gun":2,"minecraft:bone_meal":1,"minecraft:bread":27,"alexsmobs:maggot":2,"minecraft:oak_sapling":78,"minecraft:coal":32,"minecraft:ender_pearl":2}},"DataVersion":3465}