{"stats":{"minecraft:picked_up":{"minecraft:wheat":197,"minecraft:exposed_copper":14,"minecraft:clay_ball":4,"minecraft:oak_stairs":2,"minecraft:cornflower":6,"minecraft:string":7,"minecraft:raw_copper":56,"zombie_more:acid_drool":1,"tacz:ammo":885,"minecraft:beetroot":3,"minecraft:cobbled_deepslate":9,"minecraft:beef":10,"minecraft:poppy":1,"minecraft:sugar_cane":99,"minecraft:egg":1,"minecraft:stick":26,"minecraft:raw_iron":22,"minecraft:copper_ingot":1,"minecraft:oak_fence":3,"minecraft:torch":3,"zombie_more:cursed_heart":1,"tacz:attachment":2,"minecraft:carrot":141,"minecraft:quartz_block":55,"minecraft:rotten_flesh":35,"minecraft:beetroot_seeds":10,"minecraft:hay_block":18,"projectvibrantjourneys:cattail":3,"minecraft:cobblestone":30,"minecraft:stripped_oak_log":1,"minecraft:birch_log":2,"minecraft:cooked_beef":5,"minecraft:andesite":3,"projectvibrantjourneys:fallen_leaves":3,"minecraft:leather":5,"minecraft:copper_block":18,"minecraft:potato":60,"minecraft:flint":34,"minecraft:oak_log":75,"minecraft:gunpowder":4,"minecraft:dirt":262,"minecraft:white_banner":1,"zombie_more:brain":1,"minecraft:glass":20,"minecraft:bone":10,"minecraft:apple":4,"minecraft:stone_bricks":83,"minecraft:gray_terracotta":4,"minecraft:wheat_seeds":539,"minecraft:iron_ingot":10,"minecraft:oak_fence_gate":1,"minecraft:cooked_chicken":2,"minecraft:oak_planks":15,"minecraft:book":9,"minecraft:dandelion":23,"minecraft:gravel":270,"minecraft:weathered_copper":4,"minecraft:sand":32,"cfm:oak_upgraded_fence":2,"minecraft:ink_sac":3,"minecraft:white_bed":4,"minecraft:diamond":2,"tacz:modern_kinetic_gun":2,"alexsmobs:maggot":2,"minecraft:oak_sapling":47,"minecraft:coal":2},"minecraft:crafted":{"minecraft:oak_planks":204,"minecraft:stone_shovel":3,"minecraft:furnace":1,"minecraft:bone_meal":30,"minecraft:bow":1,"minecraft:stone_pickaxe":2,"minecraft:chest":3,"minecraft:stone_hoe":1,"minecraft:wheat":162,"minecraft:sugar":74,"minecraft:crafting_table":1,"minecraft:iron_sword":1,"minecraft:copper_ingot":162,"minecraft:bucket":2,"minecraft:birch_planks":8,"minecraft:stone_axe":2,"minecraft:bread":119,"minecraft:air":0,"minecraft:charcoal":10,"minecraft:shield":1,"minecraft:stick":80,"minecraft:gunpowder":30,"minecraft:iron_ingot":34,"minecraft:iron_pickaxe":1,"minecraft:iron_shovel":1,"minecraft:torch":4},"minecraft:dropped":{"minecraft:bread":43,"zombie_more:brain":1,"minecraft:oak_log":60,"minecraft:diamond":4,"minecraft:stick":1,"cfm:oak_upgraded_fence":2,"tacz:modern_kinetic_gun":1,"minecraft:rotten_flesh":3,"minecraft:clay_ball":4,"minecraft:stripped_oak_log":1,"minecraft:quartz_block":55,"minecraft:stone_bricks":37,"minecraft:bow":1},"minecraft:mined":{"minecraft:white_bed":4,"projectvibrantjourneys:rocks":4,"minecraft:weathered_copper":4,"minecraft:grass_block":174,"minecraft:hay_block":18,"minecraft:carrots":39,"minecraft:iron_ore":18,"minecraft:cobbled_deepslate":2,"minecraft:andesite":3,"minecraft:potatoes":14,"minecraft:dirt_path":3,"minecraft:deepslate_iron_ore":5,"projectvibrantjourneys:seashells":1,"minecraft:stone":27,"projectvibrantjourneys:cattail":2,"minecraft:gray_terracotta":3,"minecraft:quartz_block":55,"minecraft:exposed_copper":14,"minecraft:oak_fence":3,"minecraft:clay":1,"minecraft:torch":1,"projectvibrantjourneys:twigs":11,"projectvibrantjourneys:mossy_rocks":1,"minecraft:cobblestone":1,"minecraft:tall_grass":1,"minecraft:copper_ore":1,"minecraft:sugar_cane":77,"projectvibrantjourneys:fallen_leaves":2,"minecraft:oak_planks":15,"minecraft:wall_torch":1,"minecraft:deepslate_copper_ore":16,"minecraft:seagrass":1,"minecraft:birch_log":2,"minecraft:wheat":210,"projectvibrantjourneys:bones":9,"minecraft:birch_leaves":3,"minecraft:copper_block":18,"minecraft:grass":8,"minecraft:oak_log":74,"minecraft:coal_ore":1,"minecraft:beetroots":3,"projectvibrantjourneys:short_grass":20,"minecraft:oak_fence_gate":1,"minecraft:dirt":40,"minecraft:gravel":201,"minecraft:sand":32,"minecraft:stone_bricks":82,"minecraft:oak_leaves":7,"minecraft:deepslate":6},"minecraft:used":{"minecraft:oak_fence":3,"minecraft:iron_shovel":19,"minecraft:stone_shovel":408,"minecraft:poppy":1,"minecraft:chest":3,"minecraft:shield":8,"minecraft:iron_sword":32,"minecraft:stone_hoe":62,"minecraft:torch":6,"minecraft:weathered_copper":4,"minecraft:dirt":190,"minecraft:carrot":6,"minecraft:oak_fence_gate":1,"alexsmobs:maggot":2,"projectvibrantjourneys:fallen_leaves":2,"minecraft:stone_bricks":5,"minecraft:beef":4,"minecraft:furnace":1,"minecraft:oak_sapling":3,"projectvibrantjourneys:cattail":3,"minecraft:egg":1,"minecraft:cooked_beef":5,"minecraft:cobbled_deepslate":4,"minecraft:wheat_seeds":293,"minecraft:water_bucket":12,"minecraft:birch_planks":2,"minecraft:stone_pickaxe":204,"minecraft:oak_planks":40,"minecraft:sugar_cane":25,"minecraft:crafting_table":1,"minecraft:white_bed":4,"minecraft:exposed_copper":14,"minecraft:cornflower":6,"minecraft:apple":1,"minecraft:bread":76,"minecraft:iron_pickaxe":53,"minecraft:gravel":270,"minecraft:stone_axe":181,"minecraft:cobblestone":4,"minecraft:white_banner":1,"minecraft:bucket":14,"minecraft:andesite":3,"alexsmobs:animal_dictionary":2,"minecraft:bone_meal":9},"minecraft:killed_by":{"minecraft:zombie":1},"minecraft:broken":{"minecraft:stone_pickaxe":1,"minecraft:stone_axe":1,"minecraft:stone_shovel":2},"minecraft:custom":{"minecraft:mob_kills":50,"minecraft:animals_bred":1,"minecraft:interact_with_crafting_table":40,"minecraft:damage_dealt_resisted":99,"minecraft:leave_game":15,"minecraft:time_since_death":120239,"minecraft:climb_one_cm":2707,"minecraft:sprint_one_cm":893278,"minecraft:walk_one_cm":844633,"minecraft:damage_blocked_by_shield":319,"minecraft:drop":25,"minecraft:talked_to_villager":1,"minecraft:play_time":292200,"minecraft:deaths":6,"minecraft:sneak_time":18806,"minecraft:walk_under_water_one_cm":13295,"minecraft:jump":7368,"minecraft:interact_with_blast_furnace":8,"minecraft:walk_on_water_one_cm":29409,"minecraft:total_world_time":292200,"minecraft:interact_with_furnace":64,"minecraft:sleep_in_bed":16,"minecraft:time_since_rest":2347,"minecraft:damage_taken":3272,"minecraft:damage_dealt":5847,"minecraft:swim_one_cm":35363,"minecraft:fly_one_cm":1440179,"minecraft:open_chest":301,"minecraft:crouch_one_cm":73530,"minecraft:fall_one_cm":185587},"minecraft:killed":{"zombie_more:cursed_zombie":5,"zombie_more:tank_zombie":1,"minecraft:spider":6,"minecraft:phantom":5,"zombie_more:crawler_zombie":3,"minecraft:pillager":1,"minecraft:zombie":23,"alexsmobs:fly":1,"minecraft:enderman":1,"minecraft:cow":4}},"DataVersion":3465}