{"stats":{"minecraft:mined":{"projectvibrantjourneys:rocks":4,"minecraft:weathered_copper":4,"minecraft:grass_block":98,"minecraft:hay_block":18,"minecraft:carrots":39,"minecraft:iron_ore":18,"minecraft:cobbled_deepslate":2,"minecraft:potatoes":14,"minecraft:dirt_path":3,"minecraft:deepslate_iron_ore":5,"projectvibrantjourneys:seashells":1,"minecraft:stone":12,"projectvibrantjourneys:cattail":2,"minecraft:gray_terracotta":3,"minecraft:quartz_block":55,"minecraft:exposed_copper":14,"minecraft:oak_fence":3,"minecraft:clay":1,"minecraft:torch":1,"projectvibrantjourneys:twigs":11,"projectvibrantjourneys:mossy_rocks":1,"minecraft:copper_ore":1,"minecraft:tall_grass":1,"minecraft:cobblestone":1,"minecraft:sugar_cane":77,"projectvibrantjourneys:fallen_leaves":1,"minecraft:oak_planks":13,"minecraft:wall_torch":1,"minecraft:deepslate_copper_ore":16,"minecraft:seagrass":1,"minecraft:birch_log":2,"minecraft:wheat":193,"projectvibrantjourneys:bones":9,"minecraft:birch_leaves":3,"minecraft:copper_block":18,"minecraft:grass":8,"minecraft:coal_ore":1,"minecraft:oak_log":66,"minecraft:beetroots":3,"projectvibrantjourneys:short_grass":18,"minecraft:oak_fence_gate":1,"minecraft:dirt":15,"minecraft:gravel":201,"minecraft:sand":32,"minecraft:stone_bricks":82,"minecraft:oak_leaves":7,"minecraft:deepslate":6},"minecraft:killed":{"zombie_more:cursed_zombie":5,"zombie_more:tank_zombie":1,"minecraft:spider":6,"minecraft:phantom":5,"zombie_more:crawler_zombie":3,"minecraft:pillager":1,"minecraft:zombie":22,"alexsmobs:fly":1,"minecraft:enderman":1,"minecraft:cow":4},"minecraft:killed_by":{"minecraft:zombie":1},"minecraft:picked_up":{"minecraft:wheat":182,"minecraft:exposed_copper":14,"minecraft:clay_ball":4,"minecraft:cornflower":6,"minecraft:string":7,"minecraft:raw_copper":56,"zombie_more:acid_drool":1,"tacz:ammo":885,"minecraft:beetroot":3,"minecraft:cobbled_deepslate":9,"minecraft:beef":10,"minecraft:poppy":1,"minecraft:sugar_cane":99,"minecraft:egg":1,"minecraft:stick":26,"minecraft:raw_iron":22,"minecraft:copper_ingot":1,"minecraft:oak_fence":3,"minecraft:torch":2,"tacz:attachment":2,"minecraft:carrot":141,"minecraft:quartz_block":55,"minecraft:rotten_flesh":35,"minecraft:beetroot_seeds":10,"minecraft:hay_block":18,"projectvibrantjourneys:cattail":3,"minecraft:cobblestone":15,"minecraft:stripped_oak_log":1,"minecraft:birch_log":2,"minecraft:cooked_beef":5,"projectvibrantjourneys:fallen_leaves":2,"minecraft:leather":5,"minecraft:copper_block":18,"minecraft:potato":60,"minecraft:flint":34,"minecraft:oak_log":67,"minecraft:gunpowder":4,"minecraft:dirt":121,"minecraft:white_banner":1,"zombie_more:brain":1,"minecraft:glass":20,"minecraft:bone":10,"minecraft:apple":4,"minecraft:stone_bricks":83,"minecraft:gray_terracotta":4,"minecraft:wheat_seeds":491,"minecraft:iron_ingot":10,"minecraft:oak_fence_gate":1,"minecraft:cooked_chicken":2,"minecraft:oak_planks":13,"minecraft:book":9,"minecraft:dandelion":22,"minecraft:gravel":270,"minecraft:weathered_copper":4,"minecraft:sand":32,"minecraft:ink_sac":3,"tacz:modern_kinetic_gun":2,"alexsmobs:maggot":2,"minecraft:oak_sapling":47,"minecraft:coal":2},"minecraft:crafted":{"minecraft:oak_planks":152,"minecraft:stone_shovel":3,"minecraft:furnace":1,"minecraft:bone_meal":30,"minecraft:stone_pickaxe":2,"minecraft:chest":3,"minecraft:stone_hoe":1,"minecraft:wheat":162,"minecraft:sugar":74,"minecraft:crafting_table":1,"minecraft:iron_sword":1,"minecraft:copper_ingot":162,"minecraft:birch_planks":8,"minecraft:bucket":2,"minecraft:stone_axe":2,"minecraft:bread":114,"minecraft:air":0,"minecraft:charcoal":10,"minecraft:shield":1,"minecraft:stick":80,"minecraft:gunpowder":30,"minecraft:iron_pickaxe":1,"minecraft:iron_ingot":34,"minecraft:torch":4},"minecraft:custom":{"minecraft:mob_kills":49,"minecraft:animals_bred":1,"minecraft:interact_with_crafting_table":37,"minecraft:damage_dealt_resisted":99,"minecraft:leave_game":12,"minecraft:time_since_death":71857,"minecraft:climb_one_cm":2707,"minecraft:sprint_one_cm":714805,"minecraft:walk_one_cm":713058,"minecraft:damage_blocked_by_shield":319,"minecraft:drop":18,"minecraft:talked_to_villager":1,"minecraft:play_time":243818,"minecraft:deaths":6,"minecraft:sneak_time":15485,"minecraft:walk_under_water_one_cm":13295,"minecraft:jump":6034,"minecraft:interact_with_blast_furnace":8,"minecraft:walk_on_water_one_cm":29194,"minecraft:total_world_time":243818,"minecraft:interact_with_furnace":64,"minecraft:sleep_in_bed":11,"minecraft:time_since_rest":20355,"minecraft:damage_taken":3134,"minecraft:damage_dealt":5811,"minecraft:swim_one_cm":35363,"minecraft:fly_one_cm":1163697,"minecraft:open_chest":266,"minecraft:crouch_one_cm":58062,"minecraft:fall_one_cm":151407},"minecraft:used":{"minecraft:oak_fence":3,"minecraft:stone_shovel":327,"minecraft:poppy":1,"minecraft:chest":3,"minecraft:shield":8,"minecraft:iron_sword":31,"minecraft:stone_hoe":62,"minecraft:torch":6,"minecraft:weathered_copper":4,"minecraft:dirt":25,"minecraft:carrot":6,"minecraft:oak_fence_gate":1,"alexsmobs:maggot":2,"projectvibrantjourneys:fallen_leaves":2,"minecraft:stone_bricks":5,"minecraft:oak_sapling":3,"minecraft:furnace":1,"projectvibrantjourneys:cattail":3,"minecraft:egg":1,"minecraft:cooked_beef":5,"minecraft:cobbled_deepslate":4,"minecraft:wheat_seeds":276,"minecraft:water_bucket":12,"minecraft:birch_planks":2,"minecraft:stone_pickaxe":204,"minecraft:oak_planks":38,"minecraft:sugar_cane":25,"minecraft:crafting_table":1,"minecraft:exposed_copper":14,"minecraft:cornflower":6,"minecraft:bread":64,"minecraft:iron_pickaxe":35,"minecraft:gravel":270,"minecraft:stone_axe":171,"minecraft:cobblestone":4,"minecraft:white_banner":1,"minecraft:bucket":14,"alexsmobs:animal_dictionary":2,"minecraft:bone_meal":9},"minecraft:broken":{"minecraft:stone_pickaxe":1,"minecraft:stone_axe":1,"minecraft:stone_shovel":1},"minecraft:dropped":{"minecraft:bread":43,"zombie_more:brain":1,"minecraft:oak_log":60,"tacz:modern_kinetic_gun":1,"minecraft:rotten_flesh":3,"minecraft:clay_ball":4,"minecraft:stripped_oak_log":1,"minecraft:quartz_block":55,"minecraft:stone_bricks":37}},"DataVersion":3465}