{"stats":{"minecraft:picked_up":{"minecraft:wooden_axe":1,"minecraft:wheat":375,"minecraft:exposed_copper":14,"minecraft:anvil":1,"minecraft:clay_ball":4,"minecraft:wooden_pickaxe":1,"minecraft:oak_stairs":2,"minecraft:golden_sword":1,"minecraft:cornflower":6,"minecraft:string":9,"minecraft:raw_copper":80,"zombie_more:acid_drool":1,"tacz:ammo":1020,"minecraft:beetroot":3,"minecraft:gold_nugget":2,"minecraft:cobbled_deepslate":51,"minecraft:beef":25,"minecraft:oak_boat":3,"minecraft:poppy":1,"minecraft:lectern":2,"minecraft:sugar_cane":99,"minecraft:egg":2,"minecraft:stick":50,"minecraft:raw_iron":28,"minecraft:oak_door":1,"minecraft:copper_ingot":69,"minecraft:oak_fence":3,"projectvibrantjourneys:bark_mushroom":1,"minecraft:torch":9,"zombie_more:cursed_heart":1,"tacz:attachment":2,"minecraft:diorite":5,"minecraft:carrot":141,"minecraft:redstone":19,"minecraft:quartz_block":55,"minecraft:rotten_flesh":57,"minecraft:beetroot_seeds":10,"minecraft:hay_block":22,"projectvibrantjourneys:cattail":3,"minecraft:mutton":3,"minecraft:white_wool":2,"alexsmobs:lobster_tail":1,"minecraft:cobblestone":63,"minecraft:stripped_oak_log":1,"minecraft:birch_log":2,"minecraft:cooked_beef":5,"minecraft:andesite":3,"projectvibrantjourneys:fallen_leaves":3,"minecraft:leather":5,"minecraft:copper_block":18,"minecraft:potato":60,"minecraft:flint":34,"overworld_netherite_ore:ancientdebrispiece":2,"minecraft:oak_log":132,"minecraft:yellow_bed":1,"minecraft:gunpowder":17,"projectvibrantjourneys:rocks":4,"minecraft:lapis_lazuli":80,"minecraft:dirt":276,"minecraft:white_banner":2,"zombie_more:brain":1,"minecraft:glass":21,"minecraft:bone":14,"minecraft:apple":6,"minecraft:stone_bricks":83,"minecraft:gray_terracotta":4,"minecraft:wheat_seeds":1079,"minecraft:raw_gold":1,"minecraft:iron_ingot":10,"minecraft:oak_fence_gate":1,"minecraft:cooked_chicken":2,"minecraft:glass_bottle":1,"minecraft:oak_planks":66,"minecraft:iron_sword":1,"minecraft:book":33,"minecraft:dandelion":24,"minecraft:gravel":270,"minecraft:weathered_copper":4,"minecraft:sand":38,"cfm:oak_upgraded_fence":2,"minecraft:ink_sac":3,"minecraft:white_bed":4,"minecraft:spider_eye":1,"minecraft:diamond":3,"tacz:modern_kinetic_gun":2,"minecraft:bread":2,"alexsmobs:maggot":2,"minecraft:oak_sapling":78,"minecraft:coal":32},"minecraft:crafted":{"minecraft:oak_planks":332,"minecraft:stone_shovel":3,"minecraft:furnace":4,"minecraft:bone_meal":78,"minecraft:bow":1,"minecraft:stone_pickaxe":2,"minecraft:chest":5,"minecraft:stone_hoe":1,"minecraft:cooked_beef":36,"minecraft:smoker":2,"minecraft:wheat":198,"minecraft:sugar":74,"minecraft:deepslate":3,"minecraft:crafting_table":3,"minecraft:wooden_pickaxe":1,"minecraft:iron_sword":1,"minecraft:copper_ingot":162,"minecraft:bucket":2,"minecraft:birch_planks":8,"minecraft:stone_axe":3,"minecraft:bread":190,"minecraft:air":0,"minecraft:oak_boat":3,"minecraft:charcoal":10,"minecraft:shield":1,"minecraft:stick":104,"minecraft:gunpowder":30,"minecraft:iron_ingot":34,"minecraft:iron_pickaxe":1,"minecraft:wooden_axe":2,"minecraft:iron_shovel":1,"minecraft:torch":64},"minecraft:dropped":{"minecraft:bread":63,"zombie_more:brain":1,"minecraft:iron_sword":1,"minecraft:wheat_seeds":64,"minecraft:oak_log":60,"minecraft:diamond":4,"minecraft:stick":7,"minecraft:torch":15,"cfm:oak_upgraded_fence":2,"minecraft:wooden_axe":1,"minecraft:oak_stairs":2,"tacz:modern_kinetic_gun":1,"minecraft:string":4,"minecraft:white_wool":1,"projectvibrantjourneys:bark_mushroom":1,"minecraft:oak_door":1,"minecraft:raw_iron":6,"minecraft:rotten_flesh":13,"minecraft:clay_ball":4,"minecraft:stripped_oak_log":1,"minecraft:diamond_pickaxe":1,"minecraft:quartz_block":55,"minecraft:stone_bricks":37,"minecraft:bow":1,"minecraft:beef":5,"minecraft:wooden_pickaxe":1,"minecraft:raw_gold":1,"minecraft:lectern":1},"minecraft:mined":{"minecraft:oak_sapling":2,"minecraft:white_bed":4,"minecraft:blue_stained_glass_pane":2,"minecraft:deepslate_diamond_ore":1,"projectvibrantjourneys:rocks":7,"minecraft:grass_block":179,"minecraft:weathered_copper":4,"minecraft:hay_block":22,"minecraft:carrots":39,"minecraft:iron_ore":18,"minecraft:cobbled_deepslate":8,"minecraft:andesite":3,"projectvibrantjourneys:bark_mushroom":1,"minecraft:anvil":1,"minecraft:deepslate_lapis_ore":10,"minecraft:bookshelf":8,"minecraft:potatoes":14,"minecraft:dirt_path":3,"minecraft:deepslate_iron_ore":11,"projectvibrantjourneys:seashells":1,"minecraft:stone":57,"projectvibrantjourneys:cattail":3,"minecraft:deepslate_redstone_ore":4,"minecraft:gray_terracotta":3,"minecraft:glass_pane":2,"minecraft:quartz_block":55,"minecraft:exposed_copper":14,"minecraft:oak_fence":3,"minecraft:clay":1,"minecraft:torch":3,"projectvibrantjourneys:twigs":11,"projectvibrantjourneys:mossy_rocks":1,"minecraft:lectern":2,"minecraft:cobblestone":3,"minecraft:copper_ore":8,"minecraft:tall_grass":2,"minecraft:oak_planks":20,"projectvibrantjourneys:fallen_leaves":2,"minecraft:sugar_cane":77,"minecraft:diorite":5,"minecraft:wall_torch":4,"minecraft:deepslate_copper_ore":16,"minecraft:seagrass":1,"minecraft:birch_log":2,"minecraft:wheat":402,"projectvibrantjourneys:bones":9,"minecraft:birch_leaves":3,"minecraft:copper_block":18,"minecraft:yellow_bed":1,"overworld_netherite_ore:deepslate_ancient_debris_ore":2,"minecraft:grass":13,"minecraft:oak_log":132,"minecraft:coal_ore":39,"projectvibrantjourneys:short_grass":29,"minecraft:beetroots":3,"minecraft:oak_fence_gate":1,"minecraft:gravel":201,"minecraft:sand":32,"minecraft:dirt":40,"minecraft:stone_bricks":82,"minecraft:oak_leaves":7,"minecraft:deepslate":38},"minecraft:used":{"minecraft:oak_fence":3,"minecraft:iron_shovel":19,"minecraft:stone_shovel":415,"minecraft:poppy":1,"minecraft:chest":5,"minecraft:shield":44,"minecraft:iron_sword":82,"minecraft:stone_hoe":174,"minecraft:rotten_flesh":1,"minecraft:torch":26,"minecraft:weathered_copper":4,"minecraft:dirt":194,"minecraft:carrot":6,"minecraft:oak_fence_gate":1,"minecraft:wooden_axe":39,"alexsmobs:maggot":2,"projectvibrantjourneys:fallen_leaves":2,"minecraft:lava_bucket":3,"alexsmobs:lobster_tail":1,"minecraft:stone_bricks":5,"minecraft:beef":10,"minecraft:oak_sapling":11,"minecraft:furnace":2,"projectvibrantjourneys:cattail":3,"minecraft:egg":2,"minecraft:cooked_beef":11,"minecraft:cobbled_deepslate":10,"minecraft:wheat_seeds":620,"projectvibrantjourneys:rocks":4,"minecraft:water_bucket":31,"minecraft:birch_planks":2,"minecraft:stone_pickaxe":204,"minecraft:oak_planks":67,"minecraft:wooden_pickaxe":3,"minecraft:sugar_cane":25,"minecraft:white_wool":1,"minecraft:crafting_table":3,"minecraft:white_bed":4,"minecraft:smoker":2,"minecraft:exposed_copper":14,"minecraft:diamond_pickaxe":32,"minecraft:cornflower":6,"minecraft:apple":1,"minecraft:bread":114,"minecraft:iron_pickaxe":164,"minecraft:gravel":270,"minecraft:stone_axe":277,"minecraft:cobblestone":14,"minecraft:white_banner":2,"minecraft:bucket":37,"minecraft:andesite":3,"alexsmobs:animal_dictionary":2,"minecraft:oak_boat":4,"minecraft:bone_meal":63,"minecraft:dandelion":2},"minecraft:killed_by":{"minecraft:husk":2,"minecraft:zombie":1},"minecraft:broken":{"minecraft:iron_boots":1,"minecraft:stone_pickaxe":1,"minecraft:stone_axe":1,"minecraft:iron_helmet":1,"minecraft:stone_shovel":2},"minecraft:custom":{"minecraft:interact_with_anvil":1,"minecraft:mob_kills":96,"minecraft:animals_bred":1,"minecraft:interact_with_crafting_table":59,"minecraft:damage_dealt_resisted":775,"minecraft:leave_game":17,"minecraft:time_since_death":11142,"minecraft:climb_one_cm":5265,"minecraft:sprint_one_cm":1414247,"minecraft:walk_one_cm":1177010,"minecraft:damage_blocked_by_shield":2225,"minecraft:drop":50,"minecraft:talked_to_villager":3,"minecraft:play_time":425015,"minecraft:deaths":18,"minecraft:sneak_time":32042,"minecraft:walk_under_water_one_cm":26123,"minecraft:boat_one_cm":115191,"minecraft:jump":10428,"minecraft:interact_with_blast_furnace":9,"minecraft:walk_on_water_one_cm":54962,"minecraft:total_world_time":425015,"minecraft:interact_with_furnace":66,"minecraft:sleep_in_bed":20,"minecraft:time_since_rest":11173,"minecraft:damage_taken":8224,"minecraft:damage_dealt":12590,"minecraft:swim_one_cm":43609,"minecraft:fly_one_cm":2079900,"minecraft:open_chest":386,"minecraft:crouch_one_cm":112694,"minecraft:interact_with_smoker":15,"minecraft:fall_one_cm":260327},"minecraft:killed":{"zombie_more:cursed_zombie":5,"alexsmobs:lobster":2,"zombie_more:tank_zombie":3,"minecraft:zombified_piglin":4,"minecraft:witch":1,"minecraft:spider":6,"minecraft:zombie_horse":1,"minecraft:phantom":13,"minecraft:drowned":1,"alexsmobs:bison":1,"minecraft:husk":13,"minecraft:zombie_villager":1,"zombie_more:crawler_zombie":3,"minecraft:sheep":2,"minecraft:pillager":1,"minecraft:zombie":30,"alexsmobs:fly":1,"minecraft:enderman":1,"minecraft:cow":4}},"DataVersion":3465}