{"stats":{"minecraft:custom":{"minecraft:animals_bred":4,"minecraft:interact_with_crafting_table":100,"minecraft:open_barrel":9,"minecraft:leave_game":21,"minecraft:time_since_death":243993,"minecraft:sprint_one_cm":2249458,"minecraft:damage_blocked_by_shield":3196,"minecraft:drop":74,"minecraft:talked_to_villager":32,"minecraft:play_time":657866,"minecraft:deaths":18,"minecraft:jump":15370,"minecraft:interact_with_brewingstand":2,"minecraft:walk_on_water_one_cm":82045,"minecraft:enchant_item":6,"minecraft:interact_with_furnace":68,"minecraft:traded_with_villager":51,"minecraft:sleep_in_bed":33,"minecraft:damage_dealt":27455,"minecraft:crouch_one_cm":147747,"minecraft:interact_with_smoker":17,"minecraft:interact_with_smithing_table":1,"minecraft:mob_kills":162,"minecraft:interact_with_anvil":3,"minecraft:inspect_hopper":1,"minecraft:damage_dealt_resisted":1872,"minecraft:climb_one_cm":20926,"minecraft:walk_one_cm":1884477,"minecraft:sneak_time":43558,"minecraft:walk_under_water_one_cm":59985,"minecraft:boat_one_cm":293346,"minecraft:interact_with_blast_furnace":12,"minecraft:total_world_time":657866,"minecraft:interact_with_grindstone":3,"minecraft:interact_with_stonecutter":1,"minecraft:time_since_rest":16139,"minecraft:damage_taken":15244,"minecraft:swim_one_cm":77248,"minecraft:fly_one_cm":3136128,"minecraft:open_chest":584,"minecraft:fall_one_cm":387961},"minecraft:dropped":{"zombie_more:brain":1,"minecraft:iron_sword":1,"minecraft:cooked_beef":14,"minecraft:oak_log":60,"minecraft:ender_pearl":2,"minecraft:diamond":4,"minecraft:emerald":8,"cfm:oak_upgraded_fence":2,"minecraft:gold_nugget":1,"minecraft:white_wool":1,"projectvibrantjourneys:bark_mushroom":1,"minecraft:oak_door":1,"minecraft:rotten_flesh":19,"sophisticatedbackpacks:diamond_backpack":2,"minecraft:quartz_block":55,"minecraft:beef":5,"projectvibrantjourneys:cattail":3,"minecraft:lectern":1,"minecraft:bread":130,"minecraft:wheat_seeds":103,"minecraft:grass_block":1,"minecraft:golden_apple":2,"minecraft:stick":7,"minecraft:torch":15,"minecraft:wooden_axe":1,"minecraft:oak_stairs":2,"tacz:modern_kinetic_gun":1,"minecraft:string":15,"minecraft:raw_iron":6,"minecraft:clay_ball":4,"minecraft:stripped_oak_log":1,"minecraft:diamond_pickaxe":1,"minecraft:oak_sapling":6,"minecraft:stone_bricks":37,"minecraft:spider_eye":2,"minecraft:bow":1,"minecraft:wooden_pickaxe":1,"minecraft:raw_gold":1},"minecraft:mined":{"minecraft:white_bed":4,"minecraft:oak_sapling":5,"minecraft:farmland":1,"minecraft:brewing_stand":1,"minecraft:grass_block":229,"minecraft:polished_diorite":2,"minecraft:iron_ore":18,"minecraft:cobbled_deepslate":8,"projectvibrantjourneys:bark_mushroom":1,"minecraft:fletching_table":2,"minecraft:deepslate_lapis_ore":10,"minecraft:anvil":1,"minecraft:dirt_path":6,"minecraft:oak_stairs":50,"projectvibrantjourneys:cattail":9,"minecraft:deepslate_redstone_ore":4,"minecraft:gray_terracotta":3,"minecraft:brown_mushroom":1,"minecraft:quartz_block":55,"minecraft:exposed_copper":14,"minecraft:clay":1,"minecraft:torch":5,"projectvibrantjourneys:twigs":18,"minecraft:cobblestone":45,"minecraft:sugar_cane":219,"minecraft:grindstone":1,"projectvibrantjourneys:fallen_leaves":2,"minecraft:oak_planks":62,"minecraft:iron_door":1,"minecraft:wall_torch":8,"minecraft:deepslate_copper_ore":16,"minecraft:seagrass":2,"minecraft:birch_log":21,"minecraft:wheat":1309,"projectvibrantjourneys:bones":10,"overworld_netherite_ore:deepslate_ancient_debris_ore":2,"minecraft:copper_block":18,"minecraft:grass":37,"minecraft:oak_log":266,"minecraft:beetroots":3,"projectvibrantjourneys:short_grass":63,"minecraft:oak_fence_gate":1,"minecraft:dirt":117,"minecraft:sand":33,"minecraft:oak_leaves":7,"minecraft:deepslate":38,"minecraft:blue_stained_glass_pane":2,"minecraft:mossy_cobblestone":5,"minecraft:deepslate_diamond_ore":1,"projectvibrantjourneys:rocks":7,"minecraft:weathered_copper":4,"minecraft:kelp":3,"minecraft:hay_block":22,"minecraft:carrots":39,"minecraft:andesite":3,"minecraft:bookshelf":8,"minecraft:potatoes":14,"minecraft:deepslate_iron_ore":11,"minecraft:stripped_oak_log":16,"projectvibrantjourneys:seashells":3,"minecraft:stone":57,"minecraft:smithing_table":1,"minecraft:glass_pane":6,"minecraft:dandelion":2,"minecraft:oak_fence":4,"minecraft:lectern":2,"projectvibrantjourneys:mossy_rocks":1,"minecraft:tall_grass":3,"minecraft:copper_ore":8,"minecraft:diorite":5,"minecraft:birch_leaves":3,"minecraft:yellow_bed":1,"minecraft:coal_ore":39,"minecraft:gravel":475,"minecraft:stone_bricks":83},"minecraft:used":{"minecraft:iron_shovel":252,"minecraft:poppy":1,"minecraft:chest":5,"minecraft:shield":63,"minecraft:iron_sword":112,"minecraft:rotten_flesh":2,"minecraft:weathered_copper":4,"minecraft:carrot":6,"minecraft:lava_bucket":3,"alexsmobs:lobster_tail":1,"minecraft:birch_sapling":4,"minecraft:iron_helmet":1,"minecraft:stone_bricks":6,"minecraft:furnace":2,"minecraft:oak_sapling":30,"minecraft:egg":3,"projectvibrantjourneys:rocks":4,"minecraft:diamond_boots":1,"minecraft:stone_pickaxe":204,"minecraft:oak_planks":85,"minecraft:wooden_pickaxe":3,"minecraft:sugar_cane":27,"minecraft:white_wool":1,"minecraft:sand":1,"minecraft:exposed_copper":14,"minecraft:bread":226,"minecraft:gravel":520,"minecraft:diamond_sword":181,"minecraft:grindstone":1,"minecraft:smithing_table":1,"minecraft:andesite":3,"minecraft:oak_boat":4,"minecraft:bone_meal":65,"minecraft:oak_fence":3,"minecraft:stone_shovel":515,"minecraft:stone_hoe":482,"minecraft:oak_door":1,"minecraft:torch":38,"minecraft:dirt":234,"minecraft:anvil":1,"minecraft:diamond_helmet":1,"minecraft:oak_fence_gate":1,"minecraft:wooden_axe":39,"alexsmobs:maggot":2,"projectvibrantjourneys:fallen_leaves":2,"minecraft:diamond_chestplate":1,"securitycraft:sentry":1,"minecraft:beef":10,"projectvibrantjourneys:cattail":5,"minecraft:cooked_beef":27,"minecraft:cobbled_deepslate":10,"minecraft:enchanted_golden_apple":1,"minecraft:wheat_seeds":1709,"minecraft:water_bucket":57,"minecraft:birch_planks":2,"minecraft:fletching_table":4,"minecraft:crafting_table":4,"minecraft:white_bed":4,"minecraft:smoker":2,"minecraft:diamond_pickaxe":32,"minecraft:cornflower":6,"minecraft:apple":1,"minecraft:iron_pickaxe":220,"minecraft:stone_axe":601,"minecraft:cobblestone":15,"minecraft:white_banner":2,"minecraft:bucket":64,"alexsmobs:animal_dictionary":2,"minecraft:dandelion":3,"minecraft:diamond_leggings":1},"minecraft:killed":{"zombie_more:cursed_zombie":5,"alexsmobs:lobster":2,"zombie_more:tank_zombie":4,"minecraft:zombified_piglin":6,"minecraft:witch":1,"minecraft:spider":15,"minecraft:zombie_horse":2,"zombie_more:boomer_zombie":1,"minecraft:zombie_villager":1,"minecraft:sheep":2,"minecraft:pillager":1,"minecraft:zombie":42,"alexsmobs:fly":1,"minecraft:cow":4,"minecraft:blaze":10,"minecraft:phantom":15,"alexsmobs:bison":1,"minecraft:drowned":14,"minecraft:husk":23,"zombie_more:crawler_zombie":4,"alexsmobs:crow":1,"minecraft:enderman":1},"minecraft:crafted":{"minecraft:oak_planks":1080,"minecraft:bow":1,"minecraft:chest":6,"minecraft:stone_hoe":4,"minecraft:smoker":2,"minecraft:deepslate":3,"minecraft:emerald":51,"minecraft:crafting_table":3,"minecraft:wooden_pickaxe":1,"minecraft:iron_helmet":1,"minecraft:brown_dye":1,"minecraft:copper_ingot":198,"minecraft:fletching_table":2,"minecraft:birch_planks":84,"minecraft:paper":66,"minecraft:charcoal":10,"minecraft:shield":3,"minecraft:stick":1612,"minecraft:iron_ingot":43,"minecraft:iron_pickaxe":2,"minecraft:stone_shovel":6,"minecraft:furnace":4,"minecraft:bone_meal":81,"minecraft:stone_pickaxe":2,"minecraft:wheat":198,"minecraft:cooked_beef":36,"minecraft:sugar":203,"minecraft:iron_sword":1,"minecraft:bucket":2,"minecraft:stone_axe":6,"minecraft:bread":432,"minecraft:air":0,"minecraft:oak_boat":3,"minecraft:gunpowder":93,"minecraft:wooden_axe":2,"minecraft:iron_shovel":1,"minecraft:torch":124},"minecraft:killed_by":{"minecraft:zombie":1,"minecraft:husk":2},"minecraft:picked_up":{"minecraft:wooden_axe":1,"minecraft:wheat":1061,"minecraft:exposed_copper":14,"minecraft:anvil":1,"minecraft:smithing_table":1,"minecraft:diamond_sword":2,"minecraft:oak_stairs":52,"minecraft:brewing_stand":1,"minecraft:golden_sword":1,"minecraft:string":19,"minecraft:raw_copper":80,"zombie_more:acid_drool":2,"minecraft:beetroot":3,"minecraft:diamond_leggings":2,"minecraft:gold_nugget":3,"minecraft:cobbled_deepslate":51,"minecraft:bucket":1,"minecraft:iron_pickaxe":1,"minecraft:enchanted_golden_apple":1,"minecraft:stick":86,"minecraft:oak_fence":4,"minecraft:torch":20,"tacz:attachment":2,"minecraft:diorite":5,"minecraft:quartz_block":55,"minecraft:rotten_flesh":134,"projectvibrantjourneys:cattail":11,"minecraft:blaze_rod":4,"alexsmobs:lobster_tail":1,"minecraft:cobblestone":105,"minecraft:birch_log":21,"minecraft:cooked_beef":5,"minecraft:iron_door":1,"minecraft:andesite":3,"projectvibrantjourneys:fallen_leaves":3,"minecraft:copper_block":18,"minecraft:potato":60,"minecraft:flint":58,"projectvibrantjourneys:rocks":4,"minecraft:dirt":415,"minecraft:lapis_lazuli":80,"securitycraft:sentry":1,"zombie_more:brain":1,"minecraft:glass":21,"minecraft:bone":18,"minecraft:gray_terracotta":4,"minecraft:wheat_seeds":2964,"minecraft:raw_gold":1,"minecraft:grindstone":1,"minecraft:fletching_table":2,"minecraft:diamond_helmet":2,"minecraft:oak_planks":107,"minecraft:oak_pressure_plate":1,"minecraft:sand":39,"cfm:oak_upgraded_fence":2,"minecraft:ink_sac":3,"minecraft:grass_block":1,"minecraft:mossy_cobblestone":5,"minecraft:diamond":3,"minecraft:bone_meal":1,"minecraft:bread":27,"alexsmobs:maggot":2,"minecraft:oak_sapling":135,"minecraft:crafting_table":1,"minecraft:clay_ball":4,"minecraft:brown_mushroom":1,"minecraft:wooden_pickaxe":1,"minecraft:cornflower":6,"tacz:ammo":1200,"minecraft:beef":25,"minecraft:oak_boat":3,"minecraft:poppy":1,"minecraft:lectern":2,"minecraft:sugar_cane":296,"minecraft:birch_sapling":4,"minecraft:egg":3,"minecraft:raw_iron":28,"minecraft:oak_door":3,"minecraft:copper_ingot":70,"projectvibrantjourneys:bark_mushroom":1,"zombie_more:cursed_heart":1,"minecraft:carrot":141,"minecraft:redstone":19,"minecraft:diamond_chestplate":2,"minecraft:beetroot_seeds":10,"minecraft:diamond_boots":2,"minecraft:hay_block":22,"minecraft:mutton":3,"minecraft:white_wool":2,"minecraft:stripped_oak_log":17,"minecraft:leather":5,"overworld_netherite_ore:ancientdebrispiece":2,"minecraft:oak_log":281,"minecraft:yellow_bed":1,"minecraft:gunpowder":21,"minecraft:cobblestone_stairs":1,"minecraft:white_banner":2,"minecraft:apple":12,"minecraft:stone_bricks":84,"minecraft:kelp":2,"minecraft:oak_fence_gate":1,"minecraft:iron_ingot":10,"minecraft:cooked_chicken":2,"minecraft:glass_bottle":1,"minecraft:iron_sword":1,"sophisticatedbackpacks:diamond_backpack":2,"minecraft:book":35,"projectvibrantjourneys:light_brown_bark_mushroom":1,"minecraft:dandelion":25,"minecraft:gravel":520,"minecraft:weathered_copper":4,"minecraft:white_bed":4,"minecraft:spider_eye":10,"minecraft:polished_diorite":2,"tacz:modern_kinetic_gun":3,"minecraft:gray_wool":1,"minecraft:oak_button":2,"minecraft:coal":32,"minecraft:ender_pearl":3},"minecraft:broken":{"minecraft:iron_shovel":1,"minecraft:iron_boots":1,"minecraft:iron_chestplate":1,"minecraft:iron_leggings":1,"minecraft:stone_pickaxe":1,"minecraft:stone_axe":4,"minecraft:stone_shovel":2,"minecraft:stone_hoe":3,"minecraft:shield":1,"minecraft:iron_helmet":1}},"DataVersion":3465}