{"stats":{"minecraft:mined":{"minecraft:birch_log":10,"minecraft:crafting_table":2,"minecraft:grass":2,"minecraft:oak_log":61,"projectvibrantjourneys:short_grass":7,"minecraft:tall_grass":4,"minecraft:stone":12},"minecraft:killed":{"minecraft:sheep":1,"alexsmobs:raccoon":1},"minecraft:picked_up":{"minecraft:birch_log":10,"projectvibrantjourneys:light_brown_bark_mushroom":1,"minecraft:stick":30,"minecraft:crafting_table":2,"minecraft:oak_log":61,"minecraft:apple":2,"minecraft:wheat_seeds":2,"alexsmobs:raccoon_tail":1,"projectvibrantjourneys:orange_bark_mushroom":1,"minecraft:oak_sapling":25,"minecraft:mutton":1,"minecraft:birch_sapling":4,"minecraft:white_wool":1,"minecraft:cobblestone":12,"minecraft:egg":1},"minecraft:crafted":{"minecraft:oak_planks":68,"minecraft:crafting_table":1,"minecraft:stick":4,"minecraft:wooden_pickaxe":1,"minecraft:stone_pickaxe":1,"minecraft:wooden_axe":2,"minecraft:stone_sword":1,"minecraft:stone_axe":1},"minecraft:custom":{"minecraft:time_since_rest":11490,"minecraft:sprint_one_cm":37208,"minecraft:damage_taken":40,"minecraft:walk_one_cm":21228,"minecraft:mob_kills":2,"minecraft:damage_dealt":170,"minecraft:swim_one_cm":2288,"minecraft:interact_with_crafting_table":4,"minecraft:fly_one_cm":54588,"minecraft:crouch_one_cm":25,"minecraft:play_time":11490,"minecraft:sneak_time":64,"minecraft:walk_under_water_one_cm":55,"minecraft:jump":204,"minecraft:leave_game":2,"minecraft:walk_on_water_one_cm":360,"minecraft:time_since_death":11490,"minecraft:total_world_time":11490,"minecraft:fall_one_cm":6478},"minecraft:used":{"minecraft:wooden_axe":76,"minecraft:stone_sword":4,"minecraft:apple":2,"minecraft:wooden_pickaxe":13,"minecraft:stone_axe":10,"minecraft:crafting_table":2,"minecraft:egg":1},"minecraft:broken":{"minecraft:wooden_axe":1}},"DataVersion":3465}