{"stats":{"minecraft:broken":{"minecraft:wooden_axe":1},"minecraft:picked_up":{"minecraft:birch_log":10,"projectvibrantjourneys:light_brown_bark_mushroom":1,"minecraft:stick":30,"minecraft:crafting_table":2,"minecraft:oak_log":61,"minecraft:apple":2,"minecraft:wheat_seeds":1,"alexsmobs:raccoon_tail":1,"projectvibrantjourneys:orange_bark_mushroom":1,"minecraft:oak_sapling":25,"minecraft:birch_sapling":4,"minecraft:mutton":1,"minecraft:white_wool":1,"minecraft:cobblestone":12},"minecraft:killed":{"minecraft:sheep":1,"alexsmobs:raccoon":1},"minecraft:used":{"minecraft:wooden_axe":76,"minecraft:apple":2,"minecraft:wooden_pickaxe":13,"minecraft:stone_axe":10,"minecraft:crafting_table":2},"minecraft:custom":{"minecraft:time_since_rest":8668,"minecraft:sprint_one_cm":25094,"minecraft:damage_taken":20,"minecraft:walk_one_cm":16869,"minecraft:mob_kills":2,"minecraft:damage_dealt":170,"minecraft:interact_with_crafting_table":4,"minecraft:fly_one_cm":24340,"minecraft:crouch_one_cm":10,"minecraft:play_time":8668,"minecraft:sneak_time":47,"minecraft:jump":104,"minecraft:leave_game":1,"minecraft:time_since_death":8668,"minecraft:total_world_time":8668,"minecraft:fall_one_cm":2705},"minecraft:crafted":{"minecraft:oak_planks":68,"minecraft:crafting_table":1,"minecraft:stick":4,"minecraft:wooden_pickaxe":1,"minecraft:stone_pickaxe":1,"minecraft:wooden_axe":2,"minecraft:stone_sword":1,"minecraft:stone_axe":1},"minecraft:mined":{"minecraft:birch_log":10,"minecraft:crafting_table":2,"minecraft:grass":1,"minecraft:oak_log":61,"projectvibrantjourneys:short_grass":5,"minecraft:stone":12}},"DataVersion":3465}