{"stats":{"minecraft:picked_up":{"minecraft:wheat_seeds":1},"minecraft:mined":{"minecraft:grass":23,"projectvibrantjourneys:short_grass":8},"minecraft:custom":{"minecraft:jump":164,"minecraft:time_since_rest":5137,"minecraft:leave_game":1,"minecraft:crouch_one_cm":1065,"minecraft:walk_on_water_one_cm":718,"minecraft:sprint_one_cm":10066,"minecraft:play_time":5137,"minecraft:damage_taken":60,"minecraft:time_since_death":5137,"minecraft:walk_one_cm":9820,"minecraft:sneak_time":256,"minecraft:total_world_time":5137,"minecraft:walk_under_water_one_cm":362,"minecraft:fall_one_cm":5383,"minecraft:fly_one_cm":37400}},"DataVersion":3465}