{"stats":{"minecraft:picked_up":{"minecraft:wheat_seeds":1},"minecraft:custom":{"minecraft:jump":220,"minecraft:time_since_rest":8635,"minecraft:damage_taken":60,"minecraft:crouch_one_cm":1193,"minecraft:leave_game":1,"minecraft:sprint_one_cm":12666,"minecraft:play_time":8635,"minecraft:time_since_death":8635,"minecraft:walk_on_water_one_cm":718,"minecraft:walk_one_cm":17648,"minecraft:sneak_time":388,"minecraft:total_world_time":8635,"minecraft:walk_under_water_one_cm":362,"minecraft:fall_one_cm":6637,"minecraft:fly_one_cm":50852},"minecraft:mined":{"minecraft:grass":23,"projectvibrantjourneys:short_grass":8}},"DataVersion":3465}