{"stats":{"minecraft:picked_up":{"minecraft:wheat_seeds":1},"minecraft:custom":{"minecraft:jump":238,"minecraft:time_since_rest":8974,"minecraft:damage_taken":60,"minecraft:crouch_one_cm":1193,"minecraft:leave_game":2,"minecraft:sprint_one_cm":13251,"minecraft:play_time":8974,"minecraft:time_since_death":8974,"minecraft:walk_on_water_one_cm":718,"minecraft:walk_one_cm":18002,"minecraft:sneak_time":388,"minecraft:total_world_time":8974,"minecraft:walk_under_water_one_cm":362,"minecraft:fall_one_cm":6846,"minecraft:fly_one_cm":55611},"minecraft:mined":{"minecraft:grass":23,"projectvibrantjourneys:short_grass":8}},"DataVersion":3465}