{"stats":{"minecraft:custom":{"minecraft:animals_bred":1,"minecraft:interact_with_crafting_table":124,"minecraft:open_barrel":8,"minecraft:leave_game":35,"minecraft:time_since_death":39400,"minecraft:sprint_one_cm":1071017,"minecraft:damage_blocked_by_shield":1422,"minecraft:drop":69,"minecraft:play_time":513052,"minecraft:deaths":17,"minecraft:jump":10324,"minecraft:walk_on_water_one_cm":63641,"minecraft:interact_with_furnace":68,"minecraft:sleep_in_bed":18,"minecraft:damage_dealt":21439,"minecraft:crouch_one_cm":178752,"minecraft:interact_with_smoker":8,"minecraft:horse_one_cm":1921,"minecraft:interact_with_anvil":1,"minecraft:mob_kills":98,"minecraft:inspect_hopper":11,"minecraft:damage_dealt_resisted":1946,"minecraft:climb_one_cm":4674,"minecraft:walk_one_cm":1075327,"minecraft:sneak_time":52763,"minecraft:walk_under_water_one_cm":46503,"minecraft:boat_one_cm":658514,"minecraft:interact_with_blast_furnace":34,"minecraft:total_world_time":513052,"minecraft:time_since_rest":39427,"minecraft:damage_taken":14894,"minecraft:swim_one_cm":148142,"minecraft:fly_one_cm":1936577,"minecraft:open_chest":386,"minecraft:fall_one_cm":227927},"minecraft:dropped":{"minecraft:brown_mushroom":1,"minecraft:saddle":2,"minecraft:light_weighted_pressure_plate":1,"minecraft:flint":1,"minecraft:dirt":10,"projectvibrantjourneys:fallen_leaves":3,"minecraft:iron_pickaxe":1,"projectvibrantjourneys:bark_mushroom":2,"minecraft:gravel":1,"minecraft:wheat":64,"zombie_more:crawler_gut":1,"minecraft:rotten_flesh":11,"projectvibrantjourneys:light_brown_bark_mushroom":2,"zombie_more:cursed_heart":1,"minecraft:leather_boots":1,"projectvibrantjourneys:cattail":1,"minecraft:glass":39,"tacz:attachment":1,"minecraft:bread":11,"projectvibrantjourneys:oak_hollow_log":4,"minecraft:wheat_seeds":76,"minecraft:diamond_leggings":2,"minecraft:apple":11,"minecraft:golden_apple":1,"minecraft:diorite":3,"minecraft:diamond_helmet":2,"tacz:modern_kinetic_gun":2,"minecraft:smooth_stone":1,"minecraft:lily_pad":2,"minecraft:dandelion":3,"minecraft:moss_carpet":4,"minecraft:stone_sword":1,"sophisticatedbackpacks:backpack":1,"minecraft:diamond_sword":2,"minecraft:diamond_chestplate":2,"minecraft:diamond_pickaxe":1,"minecraft:andesite":5,"minecraft:oak_sapling":24,"minecraft:spider_eye":1,"minecraft:stone_bricks":1,"minecraft:diamond_boots":2,"minecraft:wooden_pickaxe":3,"minecraft:raw_gold":7,"mutantmonsters:mutant_skeleton_rib":4},"minecraft:mined":{"minecraft:white_bed":10,"minecraft:brewing_stand":1,"minecraft:obsidian":4,"minecraft:granite":7,"minecraft:grass_block":217,"minecraft:cracked_polished_blackstone_bricks":4,"mcwdoors:oak_bark_glass_door":5,"minecraft:deepslate_bricks":54,"minecraft:hopper":4,"minecraft:composter":3,"minecraft:spawner":4,"minecraft:polished_blackstone_bricks":7,"minecraft:smooth_stone":13,"minecraft:tall_seagrass":4,"minecraft:iron_ore":81,"minecraft:fire":1,"minecraft:cobbled_deepslate":11,"minecraft:moss_carpet":1,"minecraft:deepslate_lapis_ore":23,"minecraft:azure_bluet":1,"minecraft:oak_stairs":43,"minecraft:iron_bars":1,"minecraft:deepslate_brick_stairs":19,"projectvibrantjourneys:cattail":3,"minecraft:deepslate_redstone_ore":22,"minecraft:gray_terracotta":67,"minecraft:cyan_terracotta":312,"minecraft:kelp_plant":56,"minecraft:smoker":1,"minecraft:torch":9,"projectvibrantjourneys:twigs":7,"minecraft:chest":7,"minecraft:glass":7,"minecraft:cobblestone":43,"minecraft:sugar_cane":128,"projectvibrantjourneys:fallen_leaves":5,"minecraft:oak_planks":36,"minecraft:wall_torch":2,"minecraft:deepslate_copper_ore":22,"minecraft:polished_diorite_stairs":2,"minecraft:seagrass":4,"minecraft:chain":2,"minecraft:wheat":231,"projectvibrantjourneys:bones":1,"overworld_netherite_ore:deepslate_ancient_debris_ore":5,"minecraft:smooth_stone_slab":4,"minecraft:grass":23,"minecraft:oak_log":148,"projectvibrantjourneys:short_grass":21,"minecraft:oak_fence_gate":1,"minecraft:sand":186,"minecraft:dirt":20,"minecraft:oak_leaves":31,"minecraft:deepslate":181,"minecraft:tuff":16,"minecraft:deepslate_diamond_ore":4,"minecraft:oak_door":5,"minecraft:gray_glazed_terracotta":34,"projectvibrantjourneys:rocks":5,"minecraft:glow_lichen":1,"minecraft:kelp":9,"minecraft:hay_block":43,"minecraft:deepslate_brick_slab":11,"minecraft:redstone_ore":5,"minecraft:furnace":5,"minecraft:andesite":16,"minecraft:diamond_block":12,"cfm:oak_upgraded_fence":9,"minecraft:deepslate_iron_ore":62,"cfm:oak_blinds":7,"projectvibrantjourneys:seashells":1,"minecraft:stone":127,"minecraft:glass_pane":4,"minecraft:dandelion":5,"minecraft:oak_fence":37,"minecraft:crafting_table":10,"projectvibrantjourneys:mossy_rocks":1,"minecraft:copper_ore":16,"minecraft:tall_grass":14,"minecraft:lapis_ore":15,"minecraft:deepslate_gold_ore":16,"minecraft:diorite":3,"minecraft:gray_wool":1,"minecraft:polished_blackstone_slab":29,"mcwdoors:oak_glass_door":2,"minecraft:coal_ore":117,"overworld_netherite_ore:ancient_debris_ore":2,"minecraft:yellow_concrete":11,"minecraft:cracked_stone_bricks":31,"minecraft:polished_blackstone":21,"minecraft:stone_bricks":266,"minecraft:mossy_stone_bricks":30,"minecraft:gold_ore":2,"projectvibrantjourneys:oak_hollow_log":11},"minecraft:used":{"minecraft:moss_carpet":3,"minecraft:chest":14,"minecraft:shield":19,"minecraft:iron_sword":257,"minecraft:rotten_flesh":2,"minecraft:iron_chestplate":1,"cfm:oak_blinds":11,"minecraft:carrot":114,"minecraft:deepslate_brick_slab":120,"minecraft:polished_blackstone_slab":45,"minecraft:cyan_terracotta":220,"minecraft:iron_helmet":1,"minecraft:stone_bricks":186,"minecraft:furnace":6,"minecraft:oak_sapling":32,"minecraft:golden_boots":1,"minecraft:stone_pickaxe":972,"minecraft:oak_planks":38,"minecraft:ender_pearl":1,"minecraft:wooden_pickaxe":14,"minecraft:composter":3,"minecraft:sugar_cane":111,"minecraft:yellow_concrete":5,"minecraft:deepslate_brick_stairs":21,"minecraft:bread":149,"cfm:oak_upgraded_fence":34,"minecraft:diamond_sword":40,"minecraft:andesite":8,"minecraft:smooth_stone_slab":7,"minecraft:oak_boat":5,"minecraft:bone_meal":1,"minecraft:oak_fence":21,"minecraft:stone_sword":161,"minecraft:stone_shovel":433,"minecraft:stone_hoe":54,"minecraft:cooked_chicken":3,"minecraft:torch":223,"minecraft:dirt":150,"minecraft:hopper":6,"projectvibrantjourneys:fallen_leaves":4,"minecraft:oak_stairs":6,"minecraft:iron_boots":1,"projectvibrantjourneys:orange_bark_mushroom":2,"minecraft:gray_glazed_terracotta":33,"mcwdoors:oak_glass_door":2,"mcwdoors:oak_bark_glass_door":7,"minecraft:cooked_beef":2,"minecraft:cobbled_deepslate":54,"projectvibrantjourneys:oak_hollow_log":7,"minecraft:iron_leggings":1,"minecraft:wheat_seeds":331,"minecraft:cooked_mutton":4,"alexsmobs:cooked_catfish":2,"minecraft:baked_potato":9,"minecraft:deepslate_bricks":54,"minecraft:crafting_table":18,"minecraft:white_bed":11,"minecraft:smoker":2,"minecraft:oak_log":1,"minecraft:diamond_pickaxe":31,"minecraft:apple":3,"minecraft:oxeye_daisy":1,"minecraft:iron_pickaxe":764,"minecraft:stone_axe":398,"minecraft:cobblestone":147,"minecraft:glass_pane":42,"minecraft:kelp":18,"minecraft:gray_wool":1,"minecraft:smooth_stone":4},"minecraft:killed":{"zombie_more:cursed_zombie":4,"zombie_more:tank_zombie":4,"minecraft:spider":8,"minecraft:zombie_horse":1,"minecraft:guardian":1,"alexsmobs:centipede_head":1,"zombie_more:boomer_zombie":2,"minecraft:zombie_villager":3,"mutantmonsters:mutant_skeleton":1,"minecraft:sheep":3,"minecraft:pillager":2,"minecraft:zombie":34,"zombie_more:explosive_zombie":2,"minecraft:blaze":1,"minecraft:phantom":4,"minecraft:drowned":3,"minecraft:husk":2,"zombie_more:crawler_zombie":4,"alexsmobs:catfish":1,"alexsmobs:crocodile":1,"alexsmobs:cockroach":1,"minecraft:enderman":6},"minecraft:crafted":{"minecraft:oak_planks":348,"minecraft:cooked_chicken":1,"minecraft:polished_blackstone_slab":36,"minecraft:cooked_mutton":4,"minecraft:deepslate_brick_stairs":12,"minecraft:glass":41,"minecraft:hopper":2,"minecraft:diamond_helmet":3,"minecraft:diamond_leggings":3,"minecraft:iron_boots":1,"sophisticatedbackpacks:copper_backpack":1,"cfm:oak_blinds":4,"minecraft:chest":11,"minecraft:oak_button":1,"minecraft:stone_hoe":1,"minecraft:oak_fence":18,"minecraft:smoker":2,"sophisticatedbackpacks:backpack":1,"minecraft:crafting_table":9,"minecraft:iron_helmet":1,"minecraft:wooden_pickaxe":1,"minecraft:baked_potato":6,"minecraft:copper_ingot":215,"minecraft:yellow_stained_glass":8,"minecraft:yellow_dye":1,"minecraft:iron_chestplate":1,"minecraft:diamond_pickaxe":2,"minecraft:shield":1,"minecraft:stick":112,"minecraft:iron_ingot":50,"minecraft:iron_pickaxe":3,"minecraft:stone_sword":2,"minecraft:gold_ingot":20,"minecraft:deepslate_bricks":88,"minecraft:gray_glazed_terracotta":22,"minecraft:stone_shovel":4,"minecraft:furnace":3,"minecraft:diamond_block":11,"minecraft:glass_pane":48,"minecraft:diamond":207,"minecraft:polished_deepslate":88,"minecraft:stone_pickaxe":8,"minecraft:diamond_boots":3,"minecraft:wheat":192,"minecraft:diamond_sword":3,"minecraft:deepslate_brick_slab":114,"minecraft:iron_sword":1,"minecraft:stone_axe":4,"minecraft:bread":170,"minecraft:air":0,"minecraft:oak_boat":3,"minecraft:oak_stairs":16,"minecraft:iron_leggings":1,"mcwdoors:oak_glass_door":3,"minecraft:white_bed":1,"cfm:oak_upgraded_fence":36,"minecraft:torch":268,"mcwdoors:oak_bark_glass_door":3,"minecraft:diamond_chestplate":3},"minecraft:picked_up":{"minecraft:wheat":230,"minecraft:oak_stairs":40,"minecraft:brewing_stand":1,"minecraft:string":15,"mutantmonsters:mutant_skeleton_skull":2,"minecraft:raw_copper":141,"zombie_more:acid_drool":1,"minecraft:smooth_stone_slab":7,"minecraft:smooth_stone":13,"minecraft:cobbled_deepslate":184,"minecraft:iron_pickaxe":1,"minecraft:furnace":5,"minecraft:stick":30,"minecraft:composter":3,"minecraft:oak_fence":37,"minecraft:torch":20,"tacz:attachment":2,"minecraft:diorite":3,"mutantmonsters:mutant_skeleton_pelvis":2,"minecraft:rotten_flesh":58,"minecraft:cyan_terracotta":379,"projectvibrantjourneys:cattail":3,"mutantmonsters:mutant_skeleton_shoulder_pad":1,"minecraft:deepslate_brick_stairs":19,"minecraft:cobblestone":164,"minecraft:cooked_beef":2,"minecraft:iron_door":1,"minecraft:andesite":15,"projectvibrantjourneys:fallen_leaves":8,"minecraft:smoker":1,"minecraft:potato":18,"minecraft:tuff":16,"projectvibrantjourneys:oak_hollow_log":11,"minecraft:lapis_lazuli":242,"minecraft:dirt":232,"zombie_more:crawler_gut":2,"zombie_more:brain":1,"minecraft:leather_boots":1,"minecraft:bone":6,"minecraft:gray_terracotta":66,"minecraft:wheat_seeds":685,"minecraft:deepslate_brick_slab":15,"minecraft:raw_gold":32,"mcwdoors:oak_glass_door":2,"minecraft:mossy_stone_bricks":29,"minecraft:oak_planks":52,"minecraft:gray_glazed_terracotta":33,"minecraft:polished_blackstone_slab":31,"minecraft:sand":186,"cfm:oak_upgraded_fence":9,"overworld_netherite_ore:large_ancient_shard":1,"minecraft:grass_block":1,"minecraft:diamond_block":12,"minecraft:diamond":4,"minecraft:cracked_polished_blackstone_bricks":4,"minecraft:granite":7,"minecraft:bone_meal":5,"minecraft:golden_apple":1,"minecraft:bread":24,"minecraft:oak_sapling":63,"minecraft:diamond_pickaxe":1,"minecraft:crafting_table":11,"minecraft:azure_bluet":1,"minecraft:brown_mushroom":1,"minecraft:wooden_pickaxe":2,"minecraft:chain":2,"alexsmobs:cooked_catfish":2,"minecraft:moss_carpet":8,"tacz:ammo":540,"minecraft:cracked_stone_bricks":30,"minecraft:oak_boat":2,"projectvibrantjourneys:sandy_sprouts":4,"minecraft:sugar_cane":237,"minecraft:chest":7,"minecraft:egg":1,"minecraft:raw_iron":162,"cfm:oak_blinds":7,"minecraft:oak_door":6,"mcwdoors:oak_bark_glass_door":5,"minecraft:copper_ingot":1,"projectvibrantjourneys:bark_mushroom":3,"zombie_more:cursed_heart":3,"sophisticatedbackpacks:backpack":1,"minecraft:polished_blackstone_bricks":7,"minecraft:carrot":44,"minecraft:redstone":127,"alexsmobs:crocodile_scute":2,"minecraft:deepslate_bricks":53,"minecraft:hay_block":42,"mutantmonsters:mutant_skeleton_rib":9,"minecraft:saddle":2,"minecraft:polished_blackstone":21,"minecraft:mutton":4,"minecraft:white_wool":3,"minecraft:oxeye_daisy":2,"minecraft:leather":4,"alexsmobs:cachalot_whale_tooth":1,"overworld_netherite_ore:ancientdebrispiece":6,"minecraft:oak_log":148,"minecraft:lily_pad":2,"minecraft:gunpowder":17,"mutantmonsters:mutant_skeleton_limb":16,"minecraft:apple":4,"minecraft:stone_bricks":261,"minecraft:kelp":204,"alexsmobs:cockroach_wing_fragment":1,"minecraft:iron_ingot":1,"minecraft:oak_fence_gate":1,"projectvibrantjourneys:light_brown_bark_mushroom":2,"minecraft:yellow_concrete":11,"minecraft:dandelion":8,"minecraft:gravel":1,"minecraft:white_bed":10,"minecraft:spider_eye":7,"alexsmobs:raw_catfish":3,"minecraft:stone_axe":1,"tacz:modern_kinetic_gun":3,"minecraft:gray_wool":1,"minecraft:baked_potato":15,"projectvibrantjourneys:orange_bark_mushroom":3,"minecraft:coal":181,"minecraft:hopper":4,"minecraft:ender_pearl":4},"minecraft:broken":{"minecraft:golden_boots":1,"minecraft:iron_boots":1,"minecraft:iron_chestplate":1,"minecraft:iron_leggings":1,"minecraft:stone_pickaxe":7,"minecraft:stone_axe":1,"minecraft:iron_sword":1,"minecraft:stone_shovel":2,"minecraft:leather_helmet":1,"minecraft:iron_pickaxe":3,"minecraft:iron_helmet":1}},"DataVersion":3465}