{"stats":{"minecraft:broken":{"minecraft:iron_boots":1,"minecraft:iron_chestplate":1,"minecraft:iron_leggings":1,"minecraft:stone_pickaxe":6,"minecraft:stone_axe":1,"minecraft:iron_sword":1,"minecraft:stone_shovel":1,"minecraft:leather_helmet":1,"minecraft:iron_pickaxe":2,"minecraft:iron_helmet":1},"minecraft:crafted":{"minecraft:oak_planks":308,"minecraft:cooked_chicken":1,"minecraft:cooked_mutton":4,"minecraft:deepslate_brick_stairs":12,"minecraft:glass":41,"minecraft:hopper":2,"minecraft:iron_boots":1,"cfm:oak_blinds":4,"minecraft:chest":10,"minecraft:oak_button":1,"minecraft:stone_hoe":1,"minecraft:oak_fence":18,"minecraft:smoker":2,"minecraft:crafting_table":6,"minecraft:iron_helmet":1,"minecraft:baked_potato":6,"minecraft:wooden_pickaxe":1,"minecraft:copper_ingot":215,"minecraft:yellow_stained_glass":8,"minecraft:iron_chestplate":1,"minecraft:diamond_pickaxe":1,"minecraft:yellow_dye":1,"minecraft:shield":1,"minecraft:stick":108,"minecraft:iron_ingot":50,"minecraft:iron_pickaxe":3,"minecraft:stone_sword":2,"minecraft:gold_ingot":20,"minecraft:deepslate_bricks":88,"minecraft:gray_glazed_terracotta":22,"minecraft:stone_shovel":4,"minecraft:furnace":3,"minecraft:glass_pane":48,"minecraft:polished_deepslate":88,"minecraft:stone_pickaxe":8,"minecraft:wheat":192,"minecraft:deepslate_brick_slab":114,"minecraft:iron_sword":1,"minecraft:stone_axe":4,"minecraft:bread":115,"minecraft:air":0,"minecraft:oak_boat":2,"minecraft:oak_stairs":16,"minecraft:iron_leggings":1,"mcwdoors:oak_glass_door":3,"minecraft:white_bed":1,"cfm:oak_upgraded_fence":36,"minecraft:torch":200,"mcwdoors:oak_bark_glass_door":3},"minecraft:used":{"minecraft:moss_carpet":3,"minecraft:chest":14,"minecraft:shield":14,"minecraft:iron_sword":257,"minecraft:rotten_flesh":1,"minecraft:iron_chestplate":1,"cfm:oak_blinds":11,"minecraft:carrot":100,"minecraft:deepslate_brick_slab":120,"minecraft:cyan_terracotta":186,"minecraft:iron_helmet":1,"minecraft:stone_bricks":186,"minecraft:oak_sapling":32,"minecraft:furnace":6,"minecraft:golden_boots":1,"minecraft:stone_pickaxe":892,"minecraft:ender_pearl":1,"minecraft:wooden_pickaxe":14,"minecraft:composter":3,"minecraft:sugar_cane":110,"minecraft:deepslate_brick_stairs":21,"minecraft:bread":99,"cfm:oak_upgraded_fence":34,"minecraft:andesite":8,"minecraft:oak_boat":2,"minecraft:bone_meal":1,"minecraft:oak_fence":16,"minecraft:stone_sword":134,"minecraft:stone_shovel":244,"minecraft:stone_hoe":54,"minecraft:cooked_chicken":3,"minecraft:torch":211,"minecraft:dirt":150,"minecraft:hopper":6,"projectvibrantjourneys:fallen_leaves":4,"minecraft:oak_stairs":6,"minecraft:iron_boots":1,"projectvibrantjourneys:orange_bark_mushroom":2,"minecraft:gray_glazed_terracotta":15,"mcwdoors:oak_glass_door":2,"mcwdoors:oak_bark_glass_door":7,"minecraft:cooked_beef":2,"minecraft:cobbled_deepslate":41,"projectvibrantjourneys:oak_hollow_log":7,"minecraft:iron_leggings":1,"minecraft:wheat_seeds":331,"minecraft:cooked_mutton":4,"alexsmobs:cooked_catfish":2,"minecraft:baked_potato":9,"minecraft:deepslate_bricks":54,"minecraft:crafting_table":15,"minecraft:white_bed":8,"minecraft:smoker":2,"minecraft:oak_log":1,"minecraft:diamond_pickaxe":17,"minecraft:apple":3,"minecraft:oxeye_daisy":1,"minecraft:iron_pickaxe":543,"minecraft:stone_axe":327,"minecraft:cobblestone":145,"minecraft:glass_pane":42,"minecraft:gray_wool":1},"minecraft:dropped":{"minecraft:brown_mushroom":1,"minecraft:saddle":2,"minecraft:light_weighted_pressure_plate":1,"minecraft:flint":1,"minecraft:dirt":10,"projectvibrantjourneys:fallen_leaves":3,"minecraft:iron_pickaxe":1,"projectvibrantjourneys:bark_mushroom":2,"minecraft:wheat":64,"zombie_more:crawler_gut":1,"minecraft:rotten_flesh":8,"projectvibrantjourneys:light_brown_bark_mushroom":2,"zombie_more:cursed_heart":1,"minecraft:leather_boots":1,"minecraft:glass":39,"projectvibrantjourneys:cattail":1,"tacz:attachment":1,"minecraft:bread":11,"projectvibrantjourneys:oak_hollow_log":4,"minecraft:wheat_seeds":75,"minecraft:apple":11,"minecraft:golden_apple":1,"minecraft:diorite":3,"tacz:modern_kinetic_gun":2,"minecraft:dandelion":3,"minecraft:moss_carpet":4,"minecraft:stone_sword":1,"minecraft:andesite":5,"minecraft:oak_sapling":21,"minecraft:wooden_pickaxe":3,"minecraft:raw_gold":7,"mutantmonsters:mutant_skeleton_rib":4},"minecraft:mined":{"minecraft:white_bed":8,"minecraft:brewing_stand":1,"minecraft:granite":7,"minecraft:grass_block":214,"minecraft:cracked_polished_blackstone_bricks":4,"mcwdoors:oak_bark_glass_door":5,"minecraft:deepslate_bricks":54,"minecraft:composter":3,"minecraft:hopper":4,"minecraft:spawner":3,"minecraft:tall_seagrass":2,"minecraft:polished_blackstone_bricks":7,"minecraft:iron_ore":68,"minecraft:cobbled_deepslate":10,"minecraft:moss_carpet":1,"minecraft:deepslate_lapis_ore":23,"minecraft:azure_bluet":1,"minecraft:oak_stairs":43,"minecraft:deepslate_brick_stairs":19,"projectvibrantjourneys:cattail":3,"minecraft:deepslate_redstone_ore":22,"minecraft:gray_terracotta":67,"minecraft:cyan_terracotta":133,"minecraft:smoker":1,"minecraft:torch":9,"projectvibrantjourneys:twigs":6,"minecraft:chest":7,"minecraft:glass":7,"minecraft:cobblestone":43,"minecraft:sugar_cane":98,"projectvibrantjourneys:fallen_leaves":5,"minecraft:oak_planks":12,"minecraft:wall_torch":2,"minecraft:deepslate_copper_ore":22,"minecraft:wheat":231,"projectvibrantjourneys:bones":1,"overworld_netherite_ore:deepslate_ancient_debris_ore":2,"minecraft:grass":19,"minecraft:oak_log":138,"projectvibrantjourneys:short_grass":18,"minecraft:oak_fence_gate":1,"minecraft:dirt":17,"minecraft:oak_leaves":23,"minecraft:deepslate":181,"minecraft:tuff":16,"minecraft:deepslate_diamond_ore":4,"minecraft:gray_glazed_terracotta":16,"projectvibrantjourneys:rocks":5,"minecraft:glow_lichen":1,"minecraft:hay_block":43,"minecraft:deepslate_brick_slab":11,"minecraft:redstone_ore":5,"minecraft:furnace":5,"minecraft:andesite":16,"cfm:oak_upgraded_fence":9,"minecraft:deepslate_iron_ore":62,"cfm:oak_blinds":7,"projectvibrantjourneys:seashells":1,"minecraft:stone":114,"minecraft:glass_pane":2,"minecraft:dandelion":4,"minecraft:oak_fence":32,"minecraft:crafting_table":9,"projectvibrantjourneys:mossy_rocks":1,"minecraft:tall_grass":12,"minecraft:copper_ore":16,"minecraft:lapis_ore":15,"minecraft:deepslate_gold_ore":16,"minecraft:diorite":3,"minecraft:gray_wool":1,"mcwdoors:oak_glass_door":2,"minecraft:coal_ore":117,"overworld_netherite_ore:ancient_debris_ore":2,"minecraft:cracked_stone_bricks":31,"minecraft:polished_blackstone":21,"minecraft:stone_bricks":262,"minecraft:mossy_stone_bricks":29,"minecraft:gold_ore":2,"projectvibrantjourneys:oak_hollow_log":11},"minecraft:killed":{"zombie_more:cursed_zombie":4,"zombie_more:tank_zombie":4,"minecraft:spider":5,"minecraft:guardian":1,"alexsmobs:centipede_head":1,"zombie_more:boomer_zombie":2,"minecraft:zombie_villager":1,"mutantmonsters:mutant_skeleton":1,"minecraft:sheep":3,"minecraft:pillager":2,"minecraft:zombie":32,"zombie_more:explosive_zombie":1,"minecraft:phantom":4,"minecraft:drowned":2,"minecraft:husk":2,"zombie_more:crawler_zombie":4,"alexsmobs:catfish":1,"alexsmobs:cockroach":1,"alexsmobs:crocodile":1,"minecraft:enderman":5},"minecraft:picked_up":{"minecraft:wheat":230,"minecraft:oak_stairs":40,"minecraft:brewing_stand":1,"minecraft:string":10,"minecraft:raw_copper":141,"mutantmonsters:mutant_skeleton_skull":2,"zombie_more:acid_drool":1,"minecraft:cobbled_deepslate":183,"minecraft:iron_pickaxe":1,"minecraft:furnace":5,"minecraft:stick":28,"minecraft:composter":3,"minecraft:oak_fence":32,"minecraft:torch":15,"tacz:attachment":2,"minecraft:diorite":3,"mutantmonsters:mutant_skeleton_pelvis":2,"minecraft:rotten_flesh":49,"minecraft:cyan_terracotta":200,"projectvibrantjourneys:cattail":3,"mutantmonsters:mutant_skeleton_shoulder_pad":1,"minecraft:deepslate_brick_stairs":19,"minecraft:cobblestone":151,"minecraft:cooked_beef":2,"minecraft:iron_door":1,"minecraft:andesite":15,"projectvibrantjourneys:fallen_leaves":8,"minecraft:smoker":1,"minecraft:potato":18,"minecraft:tuff":16,"projectvibrantjourneys:oak_hollow_log":11,"minecraft:lapis_lazuli":242,"minecraft:dirt":224,"zombie_more:crawler_gut":2,"zombie_more:brain":1,"minecraft:leather_boots":1,"minecraft:bone":5,"minecraft:gray_terracotta":66,"minecraft:wheat_seeds":684,"minecraft:deepslate_brick_slab":15,"minecraft:raw_gold":32,"mcwdoors:oak_glass_door":2,"minecraft:mossy_stone_bricks":29,"minecraft:oak_planks":28,"minecraft:gray_glazed_terracotta":15,"cfm:oak_upgraded_fence":9,"overworld_netherite_ore:large_ancient_shard":1,"minecraft:diamond":4,"minecraft:cracked_polished_blackstone_bricks":4,"minecraft:granite":7,"minecraft:bone_meal":5,"minecraft:golden_apple":1,"minecraft:bread":24,"minecraft:oak_sapling":60,"minecraft:crafting_table":10,"minecraft:azure_bluet":1,"minecraft:brown_mushroom":1,"minecraft:wooden_pickaxe":2,"alexsmobs:cooked_catfish":2,"minecraft:moss_carpet":8,"tacz:ammo":540,"minecraft:cracked_stone_bricks":30,"minecraft:oak_boat":1,"minecraft:sugar_cane":189,"minecraft:chest":7,"minecraft:egg":1,"minecraft:raw_iron":149,"cfm:oak_blinds":7,"minecraft:oak_door":1,"mcwdoors:oak_bark_glass_door":5,"minecraft:copper_ingot":1,"projectvibrantjourneys:bark_mushroom":3,"zombie_more:cursed_heart":3,"minecraft:polished_blackstone_bricks":7,"minecraft:carrot":44,"minecraft:redstone":127,"alexsmobs:crocodile_scute":2,"minecraft:deepslate_bricks":53,"minecraft:hay_block":42,"mutantmonsters:mutant_skeleton_rib":9,"minecraft:saddle":2,"minecraft:polished_blackstone":21,"minecraft:mutton":4,"minecraft:white_wool":3,"minecraft:oxeye_daisy":1,"alexsmobs:cachalot_whale_tooth":1,"overworld_netherite_ore:ancientdebrispiece":3,"minecraft:oak_log":138,"minecraft:gunpowder":17,"mutantmonsters:mutant_skeleton_limb":16,"minecraft:apple":4,"minecraft:stone_bricks":260,"alexsmobs:cockroach_wing_fragment":1,"minecraft:iron_ingot":1,"minecraft:oak_fence_gate":1,"projectvibrantjourneys:light_brown_bark_mushroom":2,"minecraft:dandelion":7,"minecraft:gravel":1,"minecraft:white_bed":8,"minecraft:spider_eye":6,"alexsmobs:raw_catfish":3,"tacz:modern_kinetic_gun":3,"minecraft:gray_wool":1,"minecraft:baked_potato":15,"projectvibrantjourneys:orange_bark_mushroom":3,"minecraft:coal":181,"minecraft:hopper":4,"minecraft:ender_pearl":4},"minecraft:custom":{"minecraft:animals_bred":1,"minecraft:interact_with_crafting_table":98,"minecraft:open_barrel":1,"minecraft:leave_game":15,"minecraft:time_since_death":9742,"minecraft:sprint_one_cm":901706,"minecraft:damage_blocked_by_shield":1233,"minecraft:drop":46,"minecraft:play_time":395002,"minecraft:deaths":14,"minecraft:jump":8579,"minecraft:walk_on_water_one_cm":40785,"minecraft:interact_with_furnace":67,"minecraft:sleep_in_bed":14,"minecraft:damage_dealt":16929,"minecraft:crouch_one_cm":148823,"minecraft:interact_with_smoker":6,"minecraft:horse_one_cm":1921,"minecraft:mob_kills":82,"minecraft:inspect_hopper":10,"minecraft:damage_dealt_resisted":1883,"minecraft:climb_one_cm":4674,"minecraft:walk_one_cm":887374,"minecraft:sneak_time":44062,"minecraft:walk_under_water_one_cm":26155,"minecraft:boat_one_cm":99614,"minecraft:interact_with_blast_furnace":31,"minecraft:total_world_time":395002,"minecraft:time_since_rest":9767,"minecraft:damage_taken":10705,"minecraft:swim_one_cm":75515,"minecraft:fly_one_cm":1615295,"minecraft:open_chest":286,"minecraft:fall_one_cm":183606}},"DataVersion":3465}