{"stats":{"minecraft:mined":{"minecraft:tuff":3,"minecraft:white_bed":4,"minecraft:deepslate_diamond_ore":4,"minecraft:gray_glazed_terracotta":16,"projectvibrantjourneys:rocks":3,"minecraft:granite":7,"minecraft:glow_lichen":1,"minecraft:grass_block":135,"minecraft:cracked_polished_blackstone_bricks":4,"mcwdoors:oak_bark_glass_door":5,"minecraft:deepslate_bricks":54,"minecraft:spawner":3,"minecraft:polished_blackstone_bricks":7,"minecraft:deepslate_brick_slab":3,"minecraft:redstone_ore":5,"minecraft:furnace":3,"minecraft:iron_ore":58,"minecraft:cobbled_deepslate":7,"minecraft:andesite":14,"minecraft:moss_carpet":1,"minecraft:deepslate_lapis_ore":16,"minecraft:deepslate_iron_ore":52,"minecraft:oak_stairs":6,"minecraft:deepslate_brick_stairs":16,"projectvibrantjourneys:seashells":1,"minecraft:stone":97,"minecraft:deepslate_redstone_ore":15,"minecraft:gray_terracotta":67,"minecraft:cyan_terracotta":133,"minecraft:crafting_table":7,"minecraft:torch":7,"projectvibrantjourneys:twigs":6,"minecraft:chest":5,"projectvibrantjourneys:mossy_rocks":1,"minecraft:copper_ore":16,"minecraft:glass":7,"minecraft:tall_grass":10,"minecraft:cobblestone":2,"minecraft:deepslate_gold_ore":10,"minecraft:lapis_ore":14,"projectvibrantjourneys:fallen_leaves":4,"minecraft:deepslate_copper_ore":22,"minecraft:gray_wool":1,"minecraft:wheat":27,"projectvibrantjourneys:bones":1,"overworld_netherite_ore:deepslate_ancient_debris_ore":2,"mcwdoors:oak_glass_door":2,"minecraft:grass":11,"minecraft:oak_log":84,"minecraft:coal_ore":78,"overworld_netherite_ore:ancient_debris_ore":2,"projectvibrantjourneys:short_grass":9,"minecraft:dirt":1,"minecraft:cracked_stone_bricks":30,"minecraft:polished_blackstone":21,"minecraft:stone_bricks":262,"minecraft:gold_ore":2,"minecraft:mossy_stone_bricks":29,"minecraft:oak_leaves":17,"projectvibrantjourneys:oak_hollow_log":7,"minecraft:deepslate":94},"minecraft:killed":{"zombie_more:cursed_zombie":2,"zombie_more:tank_zombie":1,"minecraft:spider":4,"minecraft:phantom":1,"minecraft:drowned":2,"zombie_more:boomer_zombie":1,"minecraft:husk":2,"zombie_more:crawler_zombie":3,"mutantmonsters:mutant_skeleton":1,"minecraft:sheep":3,"minecraft:zombie":22,"minecraft:enderman":1},"minecraft:picked_up":{"minecraft:crafting_table":7,"minecraft:wheat":27,"minecraft:oak_stairs":6,"minecraft:wooden_pickaxe":2,"minecraft:string":7,"minecraft:moss_carpet":4,"minecraft:raw_copper":141,"mutantmonsters:mutant_skeleton_skull":1,"zombie_more:acid_drool":1,"tacz:ammo":540,"minecraft:cracked_stone_bricks":30,"minecraft:cobbled_deepslate":98,"minecraft:iron_pickaxe":1,"minecraft:chest":5,"minecraft:furnace":3,"minecraft:egg":1,"minecraft:stick":12,"minecraft:raw_iron":130,"mcwdoors:oak_bark_glass_door":5,"minecraft:copper_ingot":1,"minecraft:torch":6,"zombie_more:cursed_heart":1,"minecraft:polished_blackstone_bricks":7,"minecraft:carrot":12,"minecraft:redstone":96,"mutantmonsters:mutant_skeleton_pelvis":1,"minecraft:rotten_flesh":32,"minecraft:deepslate_bricks":53,"minecraft:cyan_terracotta":200,"mutantmonsters:mutant_skeleton_rib":9,"minecraft:polished_blackstone":21,"minecraft:deepslate_brick_stairs":16,"mutantmonsters:mutant_skeleton_shoulder_pad":1,"minecraft:mutton":4,"minecraft:white_wool":3,"minecraft:cobblestone":94,"minecraft:cooked_beef":2,"minecraft:iron_door":1,"minecraft:andesite":13,"projectvibrantjourneys:fallen_leaves":5,"minecraft:tuff":3,"overworld_netherite_ore:ancientdebrispiece":3,"minecraft:oak_log":84,"minecraft:gunpowder":16,"projectvibrantjourneys:oak_hollow_log":7,"minecraft:lapis_lazuli":196,"mutantmonsters:mutant_skeleton_limb":8,"minecraft:dirt":136,"zombie_more:crawler_gut":1,"minecraft:bone":2,"minecraft:apple":2,"minecraft:stone_bricks":260,"minecraft:gray_terracotta":66,"minecraft:deepslate_brick_slab":3,"minecraft:wheat_seeds":76,"minecraft:raw_gold":26,"minecraft:iron_ingot":1,"mcwdoors:oak_glass_door":2,"minecraft:mossy_stone_bricks":29,"minecraft:oak_planks":15,"minecraft:gray_glazed_terracotta":15,"minecraft:dandelion":1,"overworld_netherite_ore:large_ancient_shard":1,"minecraft:white_bed":4,"minecraft:spider_eye":5,"minecraft:diamond":4,"tacz:modern_kinetic_gun":2,"minecraft:cracked_polished_blackstone_bricks":4,"minecraft:granite":7,"minecraft:bone_meal":1,"minecraft:gray_wool":1,"minecraft:bread":24,"projectvibrantjourneys:orange_bark_mushroom":1,"minecraft:oak_sapling":30,"minecraft:coal":111,"minecraft:ender_pearl":1},"minecraft:crafted":{"minecraft:gray_glazed_terracotta":22,"minecraft:oak_planks":196,"minecraft:stone_shovel":3,"minecraft:furnace":2,"minecraft:cooked_mutton":4,"minecraft:glass_pane":48,"minecraft:deepslate_brick_stairs":12,"minecraft:glass":20,"minecraft:iron_boots":1,"minecraft:polished_deepslate":88,"cfm:oak_blinds":4,"minecraft:stone_pickaxe":5,"minecraft:chest":1,"minecraft:stone_hoe":1,"minecraft:smoker":1,"minecraft:crafting_table":2,"minecraft:wooden_pickaxe":1,"minecraft:iron_helmet":1,"minecraft:deepslate_brick_slab":114,"minecraft:iron_sword":1,"minecraft:copper_ingot":215,"minecraft:stone_axe":1,"minecraft:bread":31,"minecraft:air":0,"minecraft:iron_chestplate":1,"minecraft:diamond_pickaxe":1,"minecraft:shield":1,"minecraft:stick":88,"minecraft:iron_ingot":50,"minecraft:iron_pickaxe":2,"minecraft:oak_stairs":16,"minecraft:stone_sword":1,"minecraft:iron_leggings":1,"minecraft:gold_ingot":20,"mcwdoors:oak_glass_door":3,"minecraft:white_bed":1,"minecraft:torch":144,"minecraft:deepslate_bricks":88,"mcwdoors:oak_bark_glass_door":3},"minecraft:custom":{"minecraft:mob_kills":43,"minecraft:animals_bred":1,"minecraft:interact_with_crafting_table":65,"minecraft:damage_dealt_resisted":1337,"minecraft:leave_game":9,"minecraft:time_since_death":46081,"minecraft:climb_one_cm":2180,"minecraft:sprint_one_cm":459212,"minecraft:walk_one_cm":498984,"minecraft:damage_blocked_by_shield":113,"minecraft:drop":16,"minecraft:play_time":216567,"minecraft:deaths":7,"minecraft:sneak_time":28993,"minecraft:walk_under_water_one_cm":3856,"minecraft:jump":4734,"minecraft:interact_with_blast_furnace":25,"minecraft:walk_on_water_one_cm":5381,"minecraft:total_world_time":216567,"minecraft:interact_with_furnace":55,"minecraft:sleep_in_bed":7,"minecraft:time_since_rest":9124,"minecraft:damage_taken":4762,"minecraft:damage_dealt":5495,"minecraft:swim_one_cm":970,"minecraft:fly_one_cm":863875,"minecraft:open_chest":145,"minecraft:crouch_one_cm":99895,"minecraft:interact_with_smoker":1,"minecraft:fall_one_cm":93051},"minecraft:used":{"minecraft:moss_carpet":3,"minecraft:stone_sword":14,"minecraft:stone_shovel":163,"minecraft:chest":5,"minecraft:shield":2,"minecraft:iron_sword":108,"minecraft:cooked_chicken":2,"minecraft:stone_hoe":1,"minecraft:rotten_flesh":1,"minecraft:iron_chestplate":1,"minecraft:torch":121,"minecraft:dirt":17,"cfm:oak_blinds":4,"minecraft:carrot":50,"minecraft:deepslate_brick_slab":89,"projectvibrantjourneys:fallen_leaves":4,"minecraft:cyan_terracotta":186,"minecraft:oak_stairs":6,"minecraft:iron_helmet":1,"minecraft:iron_boots":1,"minecraft:stone_bricks":186,"projectvibrantjourneys:orange_bark_mushroom":1,"minecraft:gray_glazed_terracotta":15,"minecraft:furnace":4,"minecraft:oak_sapling":23,"mcwdoors:oak_glass_door":2,"mcwdoors:oak_bark_glass_door":7,"minecraft:cooked_beef":2,"minecraft:cobbled_deepslate":7,"projectvibrantjourneys:oak_hollow_log":7,"minecraft:iron_leggings":1,"minecraft:wheat_seeds":27,"minecraft:cooked_mutton":4,"minecraft:stone_pickaxe":722,"minecraft:ender_pearl":1,"minecraft:wooden_pickaxe":14,"minecraft:sugar_cane":22,"minecraft:deepslate_bricks":54,"minecraft:crafting_table":8,"minecraft:white_bed":4,"minecraft:deepslate_brick_stairs":16,"minecraft:smoker":1,"minecraft:diamond_pickaxe":17,"minecraft:apple":2,"minecraft:bread":42,"minecraft:iron_pickaxe":430,"minecraft:stone_axe":152,"minecraft:cobblestone":55,"minecraft:andesite":8,"minecraft:glass_pane":42,"minecraft:gray_wool":1},"minecraft:broken":{"minecraft:stone_pickaxe":5,"minecraft:stone_axe":1,"minecraft:iron_pickaxe":1,"minecraft:stone_shovel":1},"minecraft:dropped":{"minecraft:bread":11,"minecraft:wheat_seeds":2,"tacz:modern_kinetic_gun":1,"minecraft:iron_pickaxe":1,"minecraft:stone_sword":1,"zombie_more:crawler_gut":1,"minecraft:rotten_flesh":2,"zombie_more:cursed_heart":1,"minecraft:andesite":5,"minecraft:glass":20,"minecraft:wooden_pickaxe":3,"minecraft:raw_gold":7,"mutantmonsters:mutant_skeleton_rib":4}},"DataVersion":3465}