{"stats":{"minecraft:crafted":{"minecraft:gray_glazed_terracotta":22,"minecraft:oak_planks":308,"minecraft:stone_shovel":3,"minecraft:cooked_chicken":1,"minecraft:furnace":3,"minecraft:hopper":2,"minecraft:cooked_mutton":4,"minecraft:glass_pane":48,"minecraft:deepslate_brick_stairs":12,"minecraft:glass":41,"minecraft:iron_boots":1,"minecraft:polished_deepslate":88,"cfm:oak_blinds":4,"minecraft:stone_pickaxe":8,"minecraft:chest":10,"minecraft:oak_button":1,"minecraft:stone_hoe":1,"minecraft:oak_fence":18,"minecraft:wheat":192,"minecraft:smoker":2,"minecraft:crafting_table":5,"minecraft:baked_potato":6,"minecraft:wooden_pickaxe":1,"minecraft:iron_helmet":1,"minecraft:deepslate_brick_slab":114,"minecraft:iron_sword":1,"minecraft:copper_ingot":215,"minecraft:stone_axe":4,"minecraft:yellow_stained_glass":8,"minecraft:bread":115,"minecraft:air":0,"minecraft:oak_boat":1,"minecraft:iron_chestplate":1,"minecraft:diamond_pickaxe":1,"minecraft:yellow_dye":1,"minecraft:shield":1,"minecraft:stick":108,"minecraft:iron_ingot":50,"minecraft:iron_pickaxe":3,"minecraft:oak_stairs":16,"minecraft:stone_sword":2,"minecraft:iron_leggings":1,"minecraft:gold_ingot":20,"mcwdoors:oak_glass_door":3,"minecraft:white_bed":1,"cfm:oak_upgraded_fence":36,"minecraft:torch":172,"minecraft:deepslate_bricks":88,"mcwdoors:oak_bark_glass_door":3},"minecraft:picked_up":{"minecraft:crafting_table":10,"minecraft:wheat":158,"minecraft:brown_mushroom":1,"minecraft:wooden_pickaxe":2,"minecraft:oak_stairs":40,"minecraft:brewing_stand":1,"alexsmobs:cooked_catfish":2,"minecraft:raw_copper":141,"minecraft:string":10,"minecraft:moss_carpet":8,"mutantmonsters:mutant_skeleton_skull":2,"zombie_more:acid_drool":1,"tacz:ammo":540,"minecraft:cracked_stone_bricks":30,"minecraft:cobbled_deepslate":158,"minecraft:oak_boat":1,"minecraft:iron_pickaxe":1,"minecraft:sugar_cane":84,"minecraft:chest":7,"minecraft:furnace":5,"minecraft:egg":1,"minecraft:oak_door":1,"cfm:oak_blinds":7,"minecraft:raw_iron":148,"minecraft:stick":28,"mcwdoors:oak_bark_glass_door":5,"minecraft:composter":3,"minecraft:copper_ingot":1,"projectvibrantjourneys:bark_mushroom":3,"minecraft:oak_fence":32,"minecraft:torch":13,"zombie_more:cursed_heart":3,"minecraft:polished_blackstone_bricks":7,"tacz:attachment":2,"minecraft:diorite":3,"minecraft:carrot":44,"minecraft:redstone":127,"alexsmobs:crocodile_scute":2,"mutantmonsters:mutant_skeleton_pelvis":2,"minecraft:rotten_flesh":46,"minecraft:saddle":2,"minecraft:deepslate_bricks":53,"minecraft:hay_block":42,"projectvibrantjourneys:cattail":1,"minecraft:cyan_terracotta":200,"mutantmonsters:mutant_skeleton_rib":9,"minecraft:polished_blackstone":21,"mutantmonsters:mutant_skeleton_shoulder_pad":1,"minecraft:deepslate_brick_stairs":19,"minecraft:mutton":4,"minecraft:white_wool":3,"minecraft:cobblestone":134,"minecraft:oxeye_daisy":1,"minecraft:cooked_beef":2,"minecraft:iron_door":1,"projectvibrantjourneys:fallen_leaves":8,"minecraft:andesite":15,"minecraft:smoker":1,"minecraft:potato":18,"alexsmobs:cachalot_whale_tooth":1,"minecraft:tuff":16,"overworld_netherite_ore:ancientdebrispiece":3,"minecraft:oak_log":138,"minecraft:gunpowder":17,"projectvibrantjourneys:oak_hollow_log":11,"mutantmonsters:mutant_skeleton_limb":16,"minecraft:lapis_lazuli":196,"minecraft:dirt":197,"zombie_more:crawler_gut":1,"minecraft:leather_boots":1,"minecraft:bone":3,"minecraft:apple":4,"minecraft:stone_bricks":260,"minecraft:gray_terracotta":66,"minecraft:wheat_seeds":486,"minecraft:deepslate_brick_slab":15,"minecraft:raw_gold":26,"minecraft:oak_fence_gate":1,"minecraft:iron_ingot":1,"mcwdoors:oak_glass_door":2,"minecraft:mossy_stone_bricks":29,"minecraft:oak_planks":28,"projectvibrantjourneys:light_brown_bark_mushroom":2,"minecraft:gray_glazed_terracotta":15,"minecraft:dandelion":5,"cfm:oak_upgraded_fence":9,"overworld_netherite_ore:large_ancient_shard":1,"minecraft:white_bed":6,"minecraft:spider_eye":5,"alexsmobs:raw_catfish":3,"minecraft:diamond":4,"tacz:modern_kinetic_gun":3,"minecraft:hopper":4,"minecraft:golden_apple":1,"minecraft:cracked_polished_blackstone_bricks":4,"minecraft:granite":7,"minecraft:bone_meal":5,"minecraft:gray_wool":1,"minecraft:bread":24,"projectvibrantjourneys:orange_bark_mushroom":3,"minecraft:baked_potato":15,"minecraft:oak_sapling":60,"minecraft:coal":181,"minecraft:ender_pearl":3},"minecraft:broken":{"minecraft:iron_boots":1,"minecraft:stone_pickaxe":6,"minecraft:stone_axe":1,"minecraft:iron_sword":1,"minecraft:iron_pickaxe":2,"minecraft:iron_helmet":1,"minecraft:stone_shovel":1},"minecraft:mined":{"minecraft:tuff":16,"minecraft:white_bed":6,"minecraft:deepslate_diamond_ore":4,"minecraft:brewing_stand":1,"minecraft:gray_glazed_terracotta":16,"projectvibrantjourneys:rocks":4,"minecraft:glow_lichen":1,"minecraft:granite":7,"minecraft:grass_block":198,"minecraft:cracked_polished_blackstone_bricks":4,"mcwdoors:oak_bark_glass_door":5,"minecraft:deepslate_bricks":54,"minecraft:hopper":4,"minecraft:composter":3,"minecraft:spawner":3,"minecraft:tall_seagrass":2,"minecraft:hay_block":43,"minecraft:polished_blackstone_bricks":7,"minecraft:deepslate_brick_slab":11,"minecraft:redstone_ore":5,"minecraft:furnace":5,"minecraft:iron_ore":68,"minecraft:cobbled_deepslate":9,"minecraft:andesite":16,"minecraft:moss_carpet":1,"minecraft:deepslate_lapis_ore":16,"cfm:oak_upgraded_fence":9,"minecraft:deepslate_iron_ore":61,"minecraft:oak_stairs":43,"minecraft:deepslate_brick_stairs":19,"cfm:oak_blinds":7,"projectvibrantjourneys:seashells":1,"minecraft:stone":113,"minecraft:deepslate_redstone_ore":22,"minecraft:gray_terracotta":67,"minecraft:glass_pane":2,"minecraft:cyan_terracotta":133,"minecraft:smoker":1,"minecraft:dandelion":2,"minecraft:oak_fence":32,"minecraft:crafting_table":9,"minecraft:torch":9,"projectvibrantjourneys:twigs":6,"minecraft:chest":7,"projectvibrantjourneys:mossy_rocks":1,"minecraft:glass":7,"minecraft:tall_grass":12,"minecraft:copper_ore":16,"minecraft:cobblestone":27,"minecraft:deepslate_gold_ore":10,"minecraft:lapis_ore":14,"minecraft:oak_planks":12,"projectvibrantjourneys:fallen_leaves":5,"minecraft:sugar_cane":42,"minecraft:diorite":3,"minecraft:wall_torch":1,"minecraft:deepslate_copper_ore":22,"minecraft:gray_wool":1,"minecraft:wheat":154,"projectvibrantjourneys:bones":1,"overworld_netherite_ore:deepslate_ancient_debris_ore":2,"mcwdoors:oak_glass_door":2,"minecraft:grass":19,"minecraft:oak_log":138,"minecraft:coal_ore":117,"overworld_netherite_ore:ancient_debris_ore":2,"projectvibrantjourneys:short_grass":18,"minecraft:oak_fence_gate":1,"minecraft:dirt":5,"minecraft:cracked_stone_bricks":31,"minecraft:polished_blackstone":21,"minecraft:stone_bricks":262,"minecraft:gold_ore":2,"minecraft:mossy_stone_bricks":29,"minecraft:oak_leaves":23,"projectvibrantjourneys:oak_hollow_log":11,"minecraft:deepslate":156},"minecraft:killed":{"zombie_more:cursed_zombie":4,"zombie_more:tank_zombie":3,"minecraft:spider":5,"minecraft:phantom":3,"minecraft:guardian":1,"alexsmobs:centipede_head":1,"minecraft:drowned":2,"zombie_more:boomer_zombie":2,"minecraft:husk":2,"minecraft:zombie_villager":1,"zombie_more:crawler_zombie":3,"mutantmonsters:mutant_skeleton":1,"minecraft:sheep":3,"alexsmobs:catfish":1,"minecraft:pillager":2,"alexsmobs:crocodile":1,"minecraft:zombie":32,"zombie_more:explosive_zombie":1,"minecraft:enderman":3},"minecraft:custom":{"minecraft:mob_kills":72,"minecraft:animals_bred":1,"minecraft:inspect_hopper":8,"minecraft:open_barrel":1,"minecraft:interact_with_crafting_table":95,"minecraft:damage_dealt_resisted":1746,"minecraft:leave_game":15,"minecraft:time_since_death":38455,"minecraft:climb_one_cm":4674,"minecraft:sprint_one_cm":821703,"minecraft:walk_one_cm":800356,"minecraft:damage_blocked_by_shield":695,"minecraft:drop":46,"minecraft:play_time":366488,"minecraft:sneak_time":39436,"minecraft:deaths":12,"minecraft:walk_under_water_one_cm":26155,"minecraft:boat_one_cm":99614,"minecraft:jump":7896,"minecraft:interact_with_blast_furnace":31,"minecraft:walk_on_water_one_cm":39316,"minecraft:total_world_time":366488,"minecraft:interact_with_furnace":67,"minecraft:sleep_in_bed":13,"minecraft:time_since_rest":13728,"minecraft:damage_taken":9521,"minecraft:damage_dealt":14433,"minecraft:swim_one_cm":75515,"minecraft:fly_one_cm":1504323,"minecraft:open_chest":266,"minecraft:crouch_one_cm":130499,"minecraft:interact_with_smoker":5,"minecraft:fall_one_cm":167309,"minecraft:horse_one_cm":1921},"minecraft:dropped":{"minecraft:bread":11,"projectvibrantjourneys:oak_hollow_log":4,"minecraft:brown_mushroom":1,"minecraft:wheat_seeds":75,"minecraft:apple":11,"minecraft:saddle":2,"minecraft:golden_apple":1,"minecraft:flint":1,"minecraft:light_weighted_pressure_plate":1,"minecraft:dirt":10,"minecraft:diorite":3,"projectvibrantjourneys:fallen_leaves":3,"tacz:modern_kinetic_gun":2,"minecraft:iron_pickaxe":1,"projectvibrantjourneys:bark_mushroom":2,"minecraft:dandelion":3,"minecraft:moss_carpet":4,"minecraft:stone_sword":1,"minecraft:wheat":64,"minecraft:rotten_flesh":8,"zombie_more:crawler_gut":1,"projectvibrantjourneys:light_brown_bark_mushroom":2,"zombie_more:cursed_heart":1,"minecraft:andesite":5,"minecraft:leather_boots":1,"minecraft:oak_sapling":21,"projectvibrantjourneys:cattail":1,"minecraft:glass":39,"minecraft:wooden_pickaxe":3,"minecraft:raw_gold":7,"mutantmonsters:mutant_skeleton_rib":4,"tacz:attachment":1},"minecraft:used":{"minecraft:oak_fence":16,"minecraft:moss_carpet":3,"minecraft:stone_sword":51,"minecraft:stone_shovel":217,"minecraft:chest":14,"minecraft:shield":11,"minecraft:iron_sword":257,"minecraft:cooked_chicken":3,"minecraft:stone_hoe":53,"minecraft:rotten_flesh":1,"minecraft:iron_chestplate":1,"minecraft:torch":185,"minecraft:dirt":83,"minecraft:hopper":6,"cfm:oak_blinds":11,"minecraft:carrot":100,"minecraft:deepslate_brick_slab":120,"projectvibrantjourneys:fallen_leaves":4,"minecraft:cyan_terracotta":186,"minecraft:oak_stairs":6,"minecraft:iron_helmet":1,"minecraft:iron_boots":1,"minecraft:stone_bricks":186,"projectvibrantjourneys:orange_bark_mushroom":2,"minecraft:gray_glazed_terracotta":15,"minecraft:oak_sapling":32,"minecraft:furnace":6,"mcwdoors:oak_glass_door":2,"mcwdoors:oak_bark_glass_door":7,"minecraft:cooked_beef":2,"projectvibrantjourneys:oak_hollow_log":7,"minecraft:cobbled_deepslate":28,"minecraft:iron_leggings":1,"minecraft:golden_boots":1,"minecraft:wheat_seeds":251,"minecraft:cooked_mutton":4,"alexsmobs:cooked_catfish":2,"minecraft:stone_pickaxe":842,"minecraft:baked_potato":9,"minecraft:ender_pearl":1,"minecraft:composter":3,"minecraft:wooden_pickaxe":14,"minecraft:sugar_cane":23,"minecraft:deepslate_bricks":54,"minecraft:crafting_table":14,"minecraft:white_bed":6,"minecraft:smoker":2,"minecraft:deepslate_brick_stairs":21,"minecraft:oak_log":1,"minecraft:diamond_pickaxe":17,"minecraft:apple":3,"minecraft:oxeye_daisy":1,"minecraft:bread":85,"minecraft:iron_pickaxe":533,"cfm:oak_upgraded_fence":34,"minecraft:stone_axe":327,"minecraft:cobblestone":95,"minecraft:oak_boat":2,"minecraft:andesite":8,"minecraft:glass_pane":42,"minecraft:bone_meal":1,"minecraft:gray_wool":1}},"DataVersion":3465}