{"stats":{"minecraft:picked_up":{"minecraft:poppy":1,"minecraft:dirt":1},"minecraft:mined":{"minecraft:grass":1,"minecraft:grass_block":1,"minecraft:poppy":1},"minecraft:custom":{"minecraft:jump":51,"minecraft:time_since_rest":1701,"minecraft:interact_with_smithing_table":1,"minecraft:leave_game":1,"minecraft:sprint_one_cm":4114,"minecraft:play_time":1701,"minecraft:time_since_death":1701,"minecraft:walk_one_cm":6154,"minecraft:interact_with_smoker":1,"minecraft:total_world_time":1701,"minecraft:talked_to_villager":1,"minecraft:fall_one_cm":1997,"minecraft:fly_one_cm":14113},"minecraft:used":{"minecraft:poppy":1,"minecraft:dirt":1}},"DataVersion":3120}