{"stats":{"minecraft:dropped":{"minecraft:dirt":1},"minecraft:custom":{"minecraft:time_since_rest":1446,"minecraft:crouch_one_cm":48,"minecraft:sprint_one_cm":9787,"minecraft:play_time":9915,"minecraft:damage_taken":480,"minecraft:deaths":2,"minecraft:walk_one_cm":43731,"minecraft:sneak_time":10,"minecraft:mob_kills":5,"minecraft:drop":1,"minecraft:jump":149,"minecraft:damage_dealt":917,"minecraft:leave_game":2,"minecraft:time_since_death":1413,"minecraft:climb_one_cm":511,"minecraft:total_world_time":9915,"minecraft:fall_one_cm":1312,"minecraft:fly_one_cm":12457},"minecraft:picked_up":{"minecraft:rotten_flesh":4,"minecraft:wheat_seeds":7,"minecraft:porkchop":2,"minecraft:poppy":1,"minecraft:mutton":1,"minecraft:dirt":3,"minecraft:white_wool":2},"minecraft:killed_by":{"minecraft:skeleton":1,"minecraft:zombie":1},"minecraft:mined":{"minecraft:poppy":1,"minecraft:grass":23,"minecraft:grass_block":2,"minecraft:white_wool":1,"minecraft:fern":7},"minecraft:killed":{"minecraft:sheep":1,"minecraft:zombie":3,"minecraft:pig":1,"minecraft:zombie_villager":1},"minecraft:used":{"minecraft:white_wool":1}},"DataVersion":3120}