{"stats":{"minecraft:broken":{"minecraft:iron_shovel":1,"minecraft:iron_boots":1,"minecraft:iron_chestplate":1,"minecraft:iron_leggings":1,"minecraft:stone_pickaxe":7,"minecraft:stone_axe":1,"minecraft:iron_sword":1,"minecraft:wooden_axe":3,"minecraft:stone_shovel":11,"minecraft:stone_hoe":1,"minecraft:shield":1,"minecraft:iron_axe":3,"minecraft:iron_pickaxe":4,"minecraft:iron_helmet":1},"minecraft:mined":{"minecraft:white_bed":4,"minecraft:oak_sapling":2,"minecraft:farmland":1,"projectvibrantjourneys:dead_fallen_leaves":1,"minecraft:cobblestone_stairs":3,"cfm:stripped_oak_upgraded_fence":26,"minecraft:brewing_stand":1,"minecraft:obsidian":9,"minecraft:granite":73,"minecraft:grass_block":1290,"minecraft:exposed_cut_copper_stairs":1,"minecraft:polished_diorite":4,"tacz:gun_smith_table":2,"minecraft:oxeye_daisy":7,"minecraft:spawner":5,"minecraft:light_blue_stained_glass":7,"minecraft:smooth_stone":10,"minecraft:tall_seagrass":3,"minecraft:magma_block":2,"minecraft:iron_ore":76,"minecraft:cobbled_deepslate":21,"projectvibrantjourneys:bark_mushroom":1,"minecraft:pumpkin":15,"minecraft:deepslate_lapis_ore":10,"minecraft:azure_bluet":5,"minecraft:enchanting_table":1,"minecraft:dirt_path":11,"minecraft:water_cauldron":4,"minecraft:oak_stairs":14,"minecraft:iron_bars":3,"projectvibrantjourneys:cattail":18,"minecraft:deepslate_redstone_ore":19,"minecraft:gray_terracotta":4,"minecraft:quartz_block":317,"projectvibrantjourneys:sea_oats":5,"minecraft:cyan_terracotta":71,"minecraft:exposed_copper":34,"minecraft:kelp_plant":9,"minecraft:smoker":1,"minecraft:clay":4,"minecraft:torch":39,"minecraft:light_gray_terracotta":28,"projectvibrantjourneys:twigs":20,"minecraft:blast_furnace":3,"minecraft:poppy":5,"minecraft:chest":7,"projectvibrantjourneys:natural_cobweb":1,"minecraft:cobblestone":32,"minecraft:oak_planks":96,"minecraft:grindstone":1,"projectvibrantjourneys:fallen_leaves":41,"minecraft:sugar_cane":101,"minecraft:bricks":1,"minecraft:iron_door":5,"minecraft:wall_torch":38,"minecraft:deepslate_copper_ore":17,"minecraft:seagrass":4,"minecraft:polished_diorite_stairs":2,"minecraft:birch_log":28,"minecraft:wheat":163,"projectvibrantjourneys:bones":1,"minecraft:copper_block":15,"minecraft:smooth_stone_slab":5,"minecraft:grass":612,"minecraft:oak_log":486,"projectvibrantjourneys:short_grass":445,"minecraft:sand":196,"minecraft:dirt":231,"minecraft:stonecutter":3,"minecraft:deepslate":330,"minecraft:oak_leaves":31,"minecraft:tuff":1,"minecraft:mossy_cobblestone":4,"minecraft:deepslate_diamond_ore":1,"minecraft:oak_door":3,"minecraft:sea_lantern":6,"projectvibrantjourneys:rocks":15,"minecraft:glow_lichen":2,"minecraft:spruce_leaves":5,"minecraft:hay_block":38,"minecraft:redstone_ore":5,"minecraft:furnace":15,"minecraft:carrots":6,"minecraft:andesite":148,"minecraft:diamond_block":6,"cfm:oak_upgraded_fence":5,"minecraft:bookshelf":15,"minecraft:deepslate_iron_ore":54,"minecraft:stripped_oak_log":44,"projectvibrantjourneys:seashells":1,"minecraft:stone":875,"sophisticatedbackpacks:backpack":1,"minecraft:smithing_table":1,"minecraft:oak_slab":2,"minecraft:glass_pane":8,"minecraft:dandelion":45,"minecraft:oak_fence":24,"minecraft:crafting_table":3,"minecraft:cornflower":8,"minecraft:gray_stained_glass":6,"minecraft:lectern":7,"projectvibrantjourneys:mossy_rocks":3,"minecraft:tall_grass":45,"minecraft:copper_ore":97,"minecraft:quartz_bricks":2,"minecraft:deepslate_gold_ore":32,"minecraft:lapis_ore":14,"minecraft:red_concrete":2,"minecraft:lily_pad":3,"minecraft:diorite":110,"minecraft:black_stained_glass":5,"minecraft:cobblestone_wall":6,"minecraft:birch_leaves":2,"minecraft:quartz_pillar":10,"minecraft:yellow_bed":11,"projectvibrantjourneys:sandy_sprouts":2,"minecraft:coal_ore":225,"minecraft:gravel":194,"minecraft:yellow_concrete":8,"minecraft:cracked_stone_bricks":4,"minecraft:oak_button":1,"minecraft:stone_bricks":147,"minecraft:mossy_stone_bricks":5,"minecraft:gold_ore":13},"minecraft:killed":{"zombie_more:cursed_zombie":14,"guardvillagers:guard":7,"alexsmobs:lobster":10,"zombie_more:tank_zombie":11,"minecraft:zombified_piglin":1,"minecraft:spider":30,"minecraft:cod":6,"minecraft:zombie_horse":4,"minecraft:skeleton":7,"alexsmobs:orca":1,"minecraft:guardian":5,"minecraft:chicken":8,"zombie_more:boomer_zombie":4,"minecraft:pig":9,"minecraft:zombie_villager":6,"mutantmonsters:mutant_skeleton":2,"minecraft:creeper":2,"minecraft:sheep":13,"minecraft:pillager":8,"minecraft:zombie":104,"zombie_more:explosive_zombie":11,"alexsmobs:fly":1,"minecraft:blaze":51,"minecraft:cow":18,"alexsmobs:raccoon":1,"minecraft:phantom":13,"minecraft:horse":1,"mutantmonsters:mutant_snow_golem":1,"alexsmobs:bison":3,"minecraft:drowned":21,"minecraft:husk":12,"zombie_more:crawler_zombie":18,"minecraft:squid":2,"alexsmobs:catfish":1,"alexsmobs:crocodile":2,"alexsmobs:cockroach":1,"alexsmobs:crow":1,"minecraft:villager":1,"minecraft:enderman":2},"minecraft:used":{"minecraft:iron_shovel":265,"minecraft:poppy":2,"minecraft:chest":24,"minecraft:shield":52,"minecraft:iron_sword":599,"minecraft:rotten_flesh":45,"minecraft:iron_chestplate":5,"minecraft:mutton":5,"minecraft:carrot":79,"minecraft:azure_bluet":1,"alexsmobs:lobster_tail":4,"minecraft:quartz_pillar":74,"minecraft:villager_spawn_egg":15,"minecraft:birch_sapling":6,"minecraft:quartz_block":233,"minecraft:stone_bricks":122,"minecraft:furnace":11,"minecraft:oak_sapling":74,"guardvillagers:guard_spawn_egg":9,"mcwdoors:oak_japanese_door":6,"minecraft:egg":9,"minecraft:potato":1,"minecraft:diorite":3,"minecraft:leather_leggings":1,"minecraft:stone_pickaxe":1132,"minecraft:oak_planks":177,"minecraft:wooden_pickaxe":13,"minecraft:sugar_cane":9,"minecraft:white_wool":1,"minecraft:blast_furnace":7,"minecraft:light_gray_terracotta":8,"minecraft:yellow_concrete":6,"minecraft:exposed_copper":15,"sophisticatedbackpacks:backpack":1,"minecraft:bread":169,"cfm:oak_upgraded_fence":113,"minecraft:lectern":9,"minecraft:gravel":47,"minecraft:iron_door":2,"mutantmonsters:mutant_snow_golem_spawn_egg":1,"minecraft:grindstone":3,"minecraft:andesite":15,"minecraft:oak_boat":4,"minecraft:bone_meal":18,"projectvibrantjourneys:sandy_sprouts":2,"minecraft:oak_fence":254,"minecraft:enchanting_table":1,"minecraft:stone_sword":72,"minecraft:carved_pumpkin":5,"minecraft:stone_shovel":1612,"tacz:gun_smith_table":2,"minecraft:stone_hoe":137,"minecraft:cooked_chicken":5,"minecraft:oak_door":5,"minecraft:torch":388,"minecraft:brewing_stand":2,"minecraft:dirt":1550,"minecraft:anvil":1,"minecraft:cobblestone_wall":3,"minecraft:granite":9,"minecraft:oak_fence_gate":3,"minecraft:wooden_axe":221,"projectvibrantjourneys:fallen_leaves":17,"minecraft:bookshelf":20,"minecraft:iron_block":6,"minecraft:iron_axe":688,"minecraft:iron_boots":1,"cfm:stripped_oak_upgraded_fence":31,"securitycraft:sentry":1,"minecraft:beef":16,"minecraft:gray_glazed_terracotta":1,"projectvibrantjourneys:cattail":1,"mcwdoors:oak_bark_glass_door":6,"minecraft:cooked_beef":12,"minecraft:cobbled_deepslate":405,"minecraft:iron_leggings":2,"minecraft:wheat_seeds":190,"minecraft:quartz_bricks":2,"minecraft:cooked_mutton":21,"minecraft:water_bucket":31,"minecraft:birch_planks":1,"minecraft:baked_potato":39,"minecraft:stonecutter":3,"minecraft:cracked_stone_bricks":1,"minecraft:crafting_table":24,"minecraft:oak_slab":3,"minecraft:red_bed":8,"minecraft:white_bed":4,"minecraft:smoker":2,"minecraft:oak_log":43,"minecraft:gray_terracotta":10,"minecraft:apple":26,"minecraft:diamond_pickaxe":773,"minecraft:cornflower":3,"minecraft:oxeye_daisy":1,"minecraft:oak_button":3,"minecraft:iron_pickaxe":1000,"minecraft:map":1,"minecraft:stone_axe":222,"minecraft:fishing_rod":8,"minecraft:cobblestone":24,"minecraft:porkchop":1,"minecraft:gray_wool":1,"minecraft:white_banner":2,"minecraft:cooked_porkchop":11,"minecraft:pumpkin_pie":1,"minecraft:brush":4,"minecraft:glass_pane":156,"minecraft:bucket":31,"minecraft:stripped_oak_log":15,"alexsmobs:animal_dictionary":1,"minecraft:yellow_bed":11,"minecraft:dandelion":27,"minecraft:smooth_stone":9},"minecraft:crafted":{"minecraft:smooth_stone":12,"minecraft:oak_planks":1092,"minecraft:quartz_bricks":4,"minecraft:cooked_chicken":7,"minecraft:stone":152,"minecraft:bookshelf":15,"cfm:stripped_oak_upgraded_fence":12,"minecraft:quartz_pillar":66,"minecraft:cooked_mutton":21,"securitycraft:laser_block":1,"minecraft:glass":76,"minecraft:iron_boots":3,"minecraft:chest":16,"minecraft:oak_button":2,"alexsmobs:cooked_catfish":2,"minecraft:stone_hoe":1,"minecraft:stone_bricks":104,"minecraft:oak_fence":219,"minecraft:oak_slab":12,"minecraft:deepslate":30,"minecraft:wooden_shovel":1,"minecraft:emerald":11,"minecraft:cooked_porkchop":10,"minecraft:crafting_table":23,"minecraft:iron_helmet":3,"minecraft:wooden_pickaxe":1,"minecraft:baked_potato":31,"minecraft:brush":1,"minecraft:copper_ingot":344,"minecraft:birch_planks":12,"minecraft:iron_chestplate":3,"minecraft:paper":6,"minecraft:charcoal":179,"minecraft:shield":1,"minecraft:stick":288,"minecraft:leather_chestplate":1,"minecraft:iron_ingot":255,"minecraft:iron_pickaxe":4,"minecraft:iron_block":2,"minecraft:stone_sword":1,"minecraft:gold_ingot":37,"minecraft:redstone_torch":1,"securitycraft:universal_block_reinforcer_lvl1":1,"minecraft:oak_door":3,"minecraft:stone_shovel":14,"securitycraft:sentry":1,"minecraft:leather_leggings":1,"minecraft:furnace":3,"mcwdoors:oak_japanese_door":3,"minecraft:blast_furnace":4,"minecraft:bone_meal":36,"minecraft:glass_pane":160,"minecraft:diamond":9,"minecraft:iron_axe":3,"minecraft:stone_pickaxe":11,"minecraft:redstone_block":1,"minecraft:wheat":342,"minecraft:cooked_beef":16,"minecraft:sugar":32,"securitycraft:portable_radar":1,"securitycraft:reinforced_dispenser":1,"minecraft:iron_sword":2,"minecraft:bucket":1,"minecraft:stone_axe":2,"minecraft:bread":72,"minecraft:air":0,"minecraft:oak_fence_gate":5,"minecraft:oak_boat":2,"minecraft:gunpowder":63,"minecraft:wooden_axe":5,"minecraft:iron_shovel":1,"minecraft:iron_leggings":3,"cfm:oak_upgraded_fence":108,"minecraft:pumpkin_pie":1,"minecraft:torch":196,"mcwdoors:oak_bark_glass_door":9},"minecraft:picked_up":{"minecraft:wooden_axe":1,"minecraft:iron_chestplate":3,"minecraft:wheat":227,"minecraft:exposed_copper":32,"minecraft:smithing_table":1,"minecraft:oak_stairs":17,"minecraft:birch_button":2,"minecraft:brewing_stand":1,"minecraft:string":28,"minecraft:raw_copper":390,"alexsmobs:ancient_dart":1,"minecraft:smooth_stone_slab":8,"zombie_more:acid_drool":5,"minecraft:smooth_stone":10,"minecraft:cobbled_deepslate":337,"cfm:stripped_oak_upgraded_fence":26,"minecraft:furnace":15,"minecraft:stick":143,"minecraft:oak_fence":23,"minecraft:torch":148,"minecraft:porkchop":19,"tacz:attachment":1,"minecraft:diorite":76,"minecraft:golden_chestplate":1,"alexsmobs:centipede_leg":1,"minecraft:cauldron":4,"minecraft:quartz_block":372,"minecraft:stone_sword":2,"minecraft:rotten_flesh":196,"alexsmobs:flying_fish_boots":1,"minecraft:cyan_terracotta":64,"projectvibrantjourneys:cattail":11,"minecraft:blaze_rod":24,"mutantmonsters:mutant_skeleton_shoulder_pad":1,"minecraft:obsidian":9,"minecraft:iron_bars":4,"minecraft:cod":8,"minecraft:snowball":16,"alexsmobs:lobster_tail":4,"minecraft:cobblestone":682,"minecraft:birch_log":28,"minecraft:enchanting_table":1,"minecraft:magma_block":2,"minecraft:feather":9,"minecraft:copper_block":15,"projectvibrantjourneys:fallen_leaves":42,"minecraft:golden_leggings":1,"minecraft:iron_door":6,"minecraft:brown_wool":1,"minecraft:andesite":127,"minecraft:smoker":1,"alexsmobs:bison_fur":2,"minecraft:flint":13,"minecraft:tuff":1,"minecraft:lapis_lazuli":172,"minecraft:dirt":1533,"zombie_more:crawler_gut":4,"zombie_more:brain":3,"minecraft:glass":19,"minecraft:bone":16,"minecraft:exposed_cut_copper_stairs":1,"minecraft:bow":1,"minecraft:gray_terracotta":18,"minecraft:stonecutter":3,"minecraft:wheat_seeds":565,"minecraft:raw_gold":45,"minecraft:grindstone":1,"minecraft:mossy_stone_bricks":3,"tacz:gun_smith_table":2,"minecraft:oak_planks":160,"minecraft:cooked_porkchop":1,"minecraft:gray_glazed_terracotta":43,"minecraft:sand":192,"cfm:oak_upgraded_fence":5,"minecraft:ink_sac":3,"securitycraft:reinforced_dispenser":1,"minecraft:diamond_block":12,"projectvibrantjourneys:dead_fallen_leaves":1,"minecraft:mossy_cobblestone":4,"alexsmobs:animal_dictionary":1,"minecraft:quartz_bricks":2,"minecraft:light_gray_terracotta":28,"minecraft:diamond":3,"minecraft:crossbow":2,"minecraft:granite":63,"minecraft:bone_meal":2,"minecraft:golden_apple":1,"minecraft:emerald":2,"minecraft:bread":55,"minecraft:oak_sapling":172,"minecraft:diamond_pickaxe":6,"minecraft:crafting_table":2,"zombie_more:charcoal_rib":3,"minecraft:azure_bluet":5,"minecraft:chicken":8,"minecraft:clay_ball":16,"minecraft:leather_leggings":1,"minecraft:wooden_pickaxe":1,"minecraft:shield":3,"minecraft:cornflower":9,"minecraft:red_bed":2,"minecraft:moss_carpet":2,"minecraft:iron_axe":1,"mcwdoors:oak_japanese_door":3,"tacz:ammo":1262,"minecraft:cracked_stone_bricks":4,"minecraft:beef":69,"minecraft:oak_boat":2,"projectvibrantjourneys:sandy_sprouts":2,"minecraft:poppy":5,"minecraft:lectern":9,"minecraft:sugar_cane":236,"minecraft:chest":7,"minecraft:birch_sapling":6,"minecraft:egg":10,"minecraft:raw_iron":141,"securitycraft:reinforced_cobblestone":14,"minecraft:oak_door":6,"projectvibrantjourneys:bark_mushroom":4,"minecraft:copper_ingot":148,"zombie_more:cursed_heart":1,"sophisticatedbackpacks:backpack":2,"minecraft:quartz_pillar":10,"minecraft:carrot":20,"minecraft:redstone":100,"minecraft:prismarine_crystals":14,"alexsmobs:crocodile_scute":3,"minecraft:arrow":6,"minecraft:stone_shovel":2,"minecraft:hay_block":38,"mutantmonsters:mutant_skeleton_rib":6,"minecraft:saddle":1,"minecraft:mutton":23,"minecraft:white_wool":12,"minecraft:oxeye_daisy":6,"minecraft:stripped_oak_log":44,"minecraft:leather":16,"alexsmobs:froststalker_helmet":1,"minecraft:oak_log":536,"minecraft:lily_pad":11,"minecraft:cobblestone_wall":6,"minecraft:yellow_bed":11,"minecraft:gunpowder":16,"minecraft:cobblestone_stairs":3,"projectvibrantjourneys:sea_oats":4,"minecraft:white_banner":3,"minecraft:apple":27,"minecraft:stone_bricks":161,"minecraft:kelp":15,"minecraft:iron_ingot":85,"minecraft:iron_sword":3,"minecraft:book":36,"projectvibrantjourneys:light_brown_bark_mushroom":5,"minecraft:oak_slab":2,"minecraft:pumpkin":15,"minecraft:yellow_concrete":8,"minecraft:dandelion":45,"minecraft:gravel":101,"minecraft:blast_furnace":3,"securitycraft:reinforced_iron_block":3,"minecraft:white_bed":4,"minecraft:spider_eye":11,"minecraft:polished_diorite_stairs":4,"alexsmobs:raw_catfish":2,"minecraft:slime_ball":2,"minecraft:polished_diorite":4,"tacz:modern_kinetic_gun":9,"minecraft:iron_helmet":1,"minecraft:gray_wool":3,"minecraft:oak_button":3,"minecraft:baked_potato":2,"projectvibrantjourneys:orange_bark_mushroom":5,"projectvibrantjourneys:twigs":1,"minecraft:red_concrete":2,"minecraft:coal":269,"minecraft:ender_pearl":2},"minecraft:dropped":{"minecraft:iron_sword":1,"minecraft:cooked_beef":7,"minecraft:lapis_lazuli":18,"minecraft:baked_potato":5,"minecraft:exposed_cut_copper_stairs":1,"minecraft:leather":6,"minecraft:cracked_stone_bricks":1,"minecraft:saddle":1,"projectvibrantjourneys:orange_bark_mushroom":5,"minecraft:flint":6,"minecraft:cyan_terracotta":64,"minecraft:dirt":53,"minecraft:red_bed":2,"minecraft:cornflower":6,"projectvibrantjourneys:fallen_leaves":3,"alexsmobs:cooked_catfish":2,"minecraft:bone_meal":2,"minecraft:white_wool":1,"minecraft:bone":3,"minecraft:oak_door":1,"minecraft:gravel":17,"minecraft:diamond_block":6,"minecraft:cooked_chicken":2,"alexsmobs:animal_dictionary":1,"projectvibrantjourneys:twigs":1,"minecraft:rotten_flesh":37,"minecraft:oak_planks":52,"minecraft:azure_bluet":2,"projectvibrantjourneys:sea_oats":4,"minecraft:carrot":44,"minecraft:poppy":1,"projectvibrantjourneys:light_brown_bark_mushroom":1,"minecraft:gunpowder":27,"zombie_more:acid_drool":5,"minecraft:birch_button":1,"projectvibrantjourneys:cattail":2,"minecraft:beef":8,"minecraft:lectern":1,"minecraft:egg":1,"minecraft:bread":7,"minecraft:iron_ingot":10,"minecraft:wheat_seeds":12,"minecraft:feather":2,"minecraft:iron_helmet":2,"minecraft:apple":1,"minecraft:copper_ingot":68,"minecraft:coal":7,"minecraft:stick":4,"minecraft:oxeye_daisy":1,"minecraft:gray_wool":2,"minecraft:ink_sac":3,"minecraft:wooden_axe":2,"minecraft:brown_wool":1,"minecraft:iron_door":1,"tacz:modern_kinetic_gun":6,"minecraft:iron_axe":1,"minecraft:string":4,"minecraft:lily_pad":3,"minecraft:dandelion":23,"minecraft:polished_diorite":4,"minecraft:furnace":1,"alexsmobs:crocodile_scute":1,"minecraft:kelp":4,"minecraft:stone_sword":2,"minecraft:cobblestone_wall":1,"minecraft:smooth_stone_slab":2,"minecraft:stone_shovel":3,"sophisticatedbackpacks:backpack":1,"minecraft:gray_terracotta":12,"minecraft:oak_button":1,"minecraft:diamond_pickaxe":5,"minecraft:iron_chestplate":2,"minecraft:andesite":1,"minecraft:oak_sapling":2,"minecraft:wooden_shovel":1,"minecraft:spider_eye":1,"tacz:ammo":261,"minecraft:raw_gold":7,"mutantmonsters:mutant_skeleton_rib":1},"minecraft:custom":{"minecraft:animals_bred":4,"minecraft:interact_with_crafting_table":198,"minecraft:open_barrel":24,"minecraft:leave_game":51,"minecraft:time_since_death":117020,"minecraft:sprint_one_cm":4009128,"minecraft:damage_blocked_by_shield":3098,"minecraft:drop":184,"minecraft:talked_to_villager":89,"minecraft:play_time":1373208,"minecraft:deaths":43,"minecraft:jump":19059,"minecraft:interact_with_brewingstand":1,"minecraft:walk_on_water_one_cm":127379,"minecraft:enchant_item":1,"minecraft:interact_with_furnace":253,"minecraft:traded_with_villager":11,"minecraft:sleep_in_bed":68,"minecraft:damage_dealt":42200,"minecraft:crouch_one_cm":197520,"minecraft:interact_with_smoker":45,"minecraft:horse_one_cm":1359,"minecraft:interact_with_smithing_table":1,"minecraft:mob_kills":421,"minecraft:damage_dealt_resisted":2916,"minecraft:climb_one_cm":12554,"minecraft:walk_one_cm":3731884,"minecraft:damage_dealt_absorbed":81,"minecraft:sneak_time":74220,"minecraft:walk_under_water_one_cm":114273,"minecraft:boat_one_cm":1486346,"minecraft:interact_with_blast_furnace":127,"minecraft:total_world_time":1373919,"minecraft:raid_trigger":1,"minecraft:interact_with_grindstone":2,"minecraft:interact_with_stonecutter":5,"minecraft:time_since_rest":12694,"minecraft:damage_taken":24512,"minecraft:swim_one_cm":315658,"minecraft:fly_one_cm":4859525,"minecraft:open_chest":934,"minecraft:fish_caught":2,"minecraft:fall_one_cm":340588},"minecraft:killed_by":{"minecraft:zombie":1,"guardvillagers:guard":2}},"DataVersion":3465}