{"stats":{"minecraft:crafted":{"minecraft:oak_planks":800,"minecraft:smooth_stone":12,"minecraft:cooked_chicken":7,"minecraft:stone":152,"cfm:stripped_oak_upgraded_fence":12,"minecraft:cooked_mutton":10,"minecraft:quartz_pillar":12,"minecraft:glass":76,"minecraft:iron_boots":2,"minecraft:chest":11,"minecraft:oak_button":2,"minecraft:stone_bricks":104,"minecraft:oak_fence":219,"minecraft:oak_slab":6,"minecraft:cooked_porkchop":7,"minecraft:crafting_table":13,"minecraft:iron_helmet":2,"minecraft:wooden_pickaxe":1,"minecraft:brush":1,"minecraft:copper_ingot":325,"minecraft:birch_planks":12,"minecraft:iron_chestplate":2,"minecraft:paper":6,"minecraft:charcoal":62,"minecraft:stick":248,"minecraft:iron_ingot":187,"minecraft:leather_chestplate":1,"minecraft:iron_pickaxe":3,"minecraft:gold_ingot":21,"minecraft:oak_door":3,"minecraft:stone_shovel":7,"mcwdoors:oak_japanese_door":3,"minecraft:furnace":2,"minecraft:blast_furnace":4,"minecraft:bone_meal":36,"minecraft:glass_pane":144,"minecraft:iron_axe":3,"minecraft:stone_pickaxe":8,"minecraft:wheat":153,"minecraft:cooked_beef":16,"minecraft:sugar":32,"minecraft:iron_sword":2,"minecraft:bread":23,"minecraft:air":0,"minecraft:oak_fence_gate":5,"minecraft:gunpowder":27,"minecraft:wooden_axe":4,"minecraft:iron_shovel":1,"minecraft:iron_leggings":2,"cfm:oak_upgraded_fence":36,"minecraft:torch":164},"minecraft:killed_by":{"minecraft:zombie":1},"minecraft:picked_up":{"minecraft:wooden_axe":1,"minecraft:birch_button":2,"minecraft:string":12,"minecraft:raw_copper":331,"zombie_more:acid_drool":4,"minecraft:cobbled_deepslate":171,"minecraft:furnace":13,"cfm:stripped_oak_upgraded_fence":18,"minecraft:stick":79,"minecraft:oak_fence":21,"minecraft:torch":61,"minecraft:porkchop":11,"minecraft:diorite":73,"minecraft:golden_chestplate":1,"minecraft:quartz_block":89,"minecraft:stone_sword":1,"minecraft:rotten_flesh":111,"minecraft:cyan_terracotta":57,"projectvibrantjourneys:cattail":3,"minecraft:cod":6,"minecraft:cobblestone":429,"minecraft:birch_log":28,"minecraft:feather":9,"minecraft:iron_door":2,"minecraft:andesite":111,"projectvibrantjourneys:fallen_leaves":27,"minecraft:flint":9,"minecraft:lapis_lazuli":77,"minecraft:dirt":870,"zombie_more:crawler_gut":2,"zombie_more:brain":3,"minecraft:bone":11,"minecraft:gray_terracotta":18,"minecraft:wheat_seeds":93,"minecraft:raw_gold":29,"tacz:gun_smith_table":2,"minecraft:oak_planks":69,"minecraft:cooked_porkchop":1,"minecraft:gray_glazed_terracotta":43,"minecraft:sand":103,"cfm:oak_upgraded_fence":3,"minecraft:ink_sac":3,"alexsmobs:animal_dictionary":1,"minecraft:diamond":1,"minecraft:granite":60,"minecraft:bread":35,"minecraft:emerald":2,"minecraft:oak_sapling":115,"zombie_more:charcoal_rib":3,"minecraft:crafting_table":2,"minecraft:azure_bluet":3,"minecraft:chicken":8,"minecraft:wooden_pickaxe":1,"minecraft:shield":1,"minecraft:cornflower":9,"minecraft:iron_axe":1,"tacz:ammo":497,"minecraft:beef":16,"minecraft:poppy":5,"minecraft:sugar_cane":69,"minecraft:chest":4,"minecraft:birch_sapling":6,"minecraft:egg":8,"minecraft:raw_iron":92,"minecraft:oak_door":3,"minecraft:copper_ingot":148,"projectvibrantjourneys:bark_mushroom":3,"zombie_more:cursed_heart":1,"minecraft:quartz_pillar":5,"minecraft:carrot":20,"minecraft:redstone":69,"minecraft:arrow":6,"minecraft:stone_shovel":1,"minecraft:hay_block":17,"mutantmonsters:mutant_skeleton_rib":1,"minecraft:mutton":12,"minecraft:white_wool":5,"minecraft:oxeye_daisy":5,"minecraft:stripped_oak_log":41,"minecraft:leather":6,"minecraft:oak_log":358,"minecraft:lily_pad":2,"minecraft:gunpowder":8,"minecraft:cobblestone_wall":5,"projectvibrantjourneys:sea_oats":3,"minecraft:apple":10,"minecraft:stone_bricks":129,"minecraft:iron_ingot":80,"minecraft:iron_sword":1,"minecraft:book":36,"projectvibrantjourneys:light_brown_bark_mushroom":5,"minecraft:oak_slab":2,"minecraft:dandelion":37,"minecraft:gravel":66,"minecraft:blast_furnace":3,"minecraft:white_bed":2,"minecraft:spider_eye":10,"minecraft:slime_ball":2,"tacz:modern_kinetic_gun":9,"minecraft:gray_wool":3,"minecraft:oak_button":3,"projectvibrantjourneys:twigs":1,"projectvibrantjourneys:orange_bark_mushroom":4,"minecraft:coal":114,"minecraft:ender_pearl":1},"minecraft:broken":{"minecraft:iron_shovel":1,"minecraft:stone_pickaxe":6,"minecraft:wooden_axe":3,"minecraft:stone_shovel":6,"minecraft:shield":1,"minecraft:iron_axe":2,"minecraft:iron_pickaxe":2,"minecraft:iron_helmet":1},"minecraft:mined":{"minecraft:white_bed":2,"minecraft:oak_sapling":1,"cfm:stripped_oak_upgraded_fence":18,"minecraft:granite":66,"minecraft:grass_block":784,"tacz:gun_smith_table":2,"minecraft:oxeye_daisy":5,"minecraft:spawner":3,"minecraft:light_blue_stained_glass":7,"minecraft:tall_seagrass":1,"minecraft:iron_ore":52,"minecraft:cobbled_deepslate":9,"minecraft:deepslate_lapis_ore":4,"minecraft:azure_bluet":3,"minecraft:dirt_path":3,"projectvibrantjourneys:cattail":7,"minecraft:deepslate_redstone_ore":12,"minecraft:gray_terracotta":4,"minecraft:quartz_block":34,"projectvibrantjourneys:sea_oats":4,"minecraft:cyan_terracotta":56,"minecraft:torch":26,"projectvibrantjourneys:twigs":14,"minecraft:blast_furnace":3,"minecraft:poppy":5,"minecraft:chest":4,"minecraft:cobblestone":8,"minecraft:sugar_cane":39,"projectvibrantjourneys:fallen_leaves":27,"minecraft:oak_planks":5,"minecraft:bricks":1,"minecraft:iron_door":2,"minecraft:wall_torch":27,"minecraft:deepslate_copper_ore":17,"minecraft:birch_log":28,"projectvibrantjourneys:bones":1,"minecraft:smooth_stone_slab":1,"minecraft:grass":487,"minecraft:oak_log":307,"projectvibrantjourneys:short_grass":343,"minecraft:sand":104,"minecraft:dirt":75,"minecraft:oak_leaves":31,"minecraft:deepslate":172,"minecraft:deepslate_diamond_ore":1,"minecraft:oak_door":2,"projectvibrantjourneys:rocks":13,"minecraft:glow_lichen":2,"minecraft:hay_block":17,"minecraft:redstone_ore":5,"minecraft:carrots":6,"minecraft:furnace":13,"minecraft:andesite":121,"cfm:oak_upgraded_fence":3,"minecraft:bookshelf":15,"minecraft:deepslate_iron_ore":36,"minecraft:stripped_oak_log":41,"projectvibrantjourneys:seashells":1,"minecraft:stone":502,"minecraft:oak_slab":2,"minecraft:glass_pane":6,"minecraft:dandelion":37,"minecraft:oak_fence":22,"minecraft:crafting_table":2,"minecraft:cornflower":8,"minecraft:gray_stained_glass":6,"projectvibrantjourneys:mossy_rocks":3,"minecraft:copper_ore":82,"minecraft:tall_grass":28,"minecraft:lapis_ore":5,"minecraft:deepslate_gold_ore":17,"minecraft:lily_pad":2,"minecraft:diorite":97,"minecraft:cobblestone_wall":5,"minecraft:birch_leaves":2,"minecraft:quartz_pillar":5,"minecraft:coal_ore":78,"minecraft:gravel":158,"minecraft:oak_button":1,"minecraft:stone_bricks":95,"minecraft:gold_ore":12},"minecraft:killed":{"zombie_more:cursed_zombie":10,"guardvillagers:guard":1,"zombie_more:tank_zombie":8,"minecraft:spider":15,"minecraft:cod":6,"minecraft:zombie_horse":3,"minecraft:skeleton":7,"minecraft:chicken":8,"zombie_more:boomer_zombie":3,"minecraft:pig":5,"minecraft:zombie_villager":2,"mutantmonsters:mutant_skeleton":1,"minecraft:creeper":2,"minecraft:sheep":5,"minecraft:zombie":60,"zombie_more:explosive_zombie":5,"alexsmobs:fly":1,"minecraft:cow":8,"minecraft:phantom":3,"minecraft:drowned":9,"minecraft:husk":7,"zombie_more:crawler_zombie":9,"minecraft:squid":2,"minecraft:enderman":2},"minecraft:custom":{"minecraft:animals_bred":4,"minecraft:interact_with_crafting_table":113,"minecraft:open_barrel":1,"minecraft:leave_game":14,"minecraft:time_since_death":100163,"minecraft:sprint_one_cm":1879921,"minecraft:damage_blocked_by_shield":2634,"minecraft:drop":79,"minecraft:talked_to_villager":14,"minecraft:play_time":611534,"minecraft:deaths":25,"minecraft:jump":8916,"minecraft:walk_on_water_one_cm":57457,"minecraft:interact_with_furnace":218,"minecraft:sleep_in_bed":31,"minecraft:damage_dealt":24796,"minecraft:crouch_one_cm":88184,"minecraft:mob_kills":188,"minecraft:damage_dealt_resisted":1270,"minecraft:climb_one_cm":12378,"minecraft:walk_one_cm":1882470,"minecraft:sneak_time":36786,"minecraft:walk_under_water_one_cm":41453,"minecraft:interact_with_blast_furnace":75,"minecraft:total_world_time":612245,"minecraft:time_since_rest":7091,"minecraft:damage_taken":11870,"minecraft:swim_one_cm":155992,"minecraft:fly_one_cm":2109195,"minecraft:open_chest":455,"minecraft:fall_one_cm":169741},"minecraft:dropped":{"minecraft:lapis_lazuli":18,"minecraft:cooked_beef":7,"projectvibrantjourneys:orange_bark_mushroom":3,"minecraft:flint":5,"minecraft:cyan_terracotta":57,"minecraft:dirt":2,"minecraft:cornflower":6,"projectvibrantjourneys:fallen_leaves":1,"minecraft:white_wool":1,"minecraft:gravel":17,"minecraft:cooked_chicken":2,"alexsmobs:animal_dictionary":1,"projectvibrantjourneys:twigs":1,"minecraft:oak_planks":49,"minecraft:carrot":12,"projectvibrantjourneys:sea_oats":3,"minecraft:poppy":1,"projectvibrantjourneys:light_brown_bark_mushroom":1,"minecraft:gunpowder":14,"zombie_more:acid_drool":4,"minecraft:birch_button":1,"minecraft:bread":5,"minecraft:iron_ingot":10,"minecraft:wheat_seeds":9,"minecraft:feather":2,"minecraft:coal":7,"minecraft:gray_wool":2,"minecraft:ink_sac":3,"minecraft:wooden_axe":1,"tacz:modern_kinetic_gun":6,"minecraft:iron_axe":1,"minecraft:string":1,"minecraft:lily_pad":1,"minecraft:dandelion":23,"minecraft:cobblestone_wall":1,"minecraft:stone_shovel":1,"minecraft:gray_terracotta":12,"minecraft:oak_button":1,"minecraft:andesite":1,"tacz:ammo":21,"minecraft:raw_gold":7,"mutantmonsters:mutant_skeleton_rib":1},"minecraft:used":{"minecraft:iron_shovel":265,"minecraft:poppy":2,"minecraft:chest":16,"minecraft:shield":42,"minecraft:iron_sword":348,"minecraft:rotten_flesh":26,"minecraft:carrot":79,"minecraft:azure_bluet":1,"minecraft:quartz_pillar":17,"minecraft:quartz_block":77,"minecraft:stone_bricks":112,"minecraft:oak_sapling":57,"minecraft:furnace":9,"mcwdoors:oak_japanese_door":3,"minecraft:egg":9,"minecraft:stone_pickaxe":840,"minecraft:oak_planks":112,"minecraft:wooden_pickaxe":13,"minecraft:sugar_cane":9,"minecraft:white_wool":1,"minecraft:blast_furnace":7,"minecraft:bread":50,"cfm:oak_upgraded_fence":39,"minecraft:iron_door":2,"minecraft:gravel":47,"minecraft:andesite":15,"minecraft:bone_meal":18,"minecraft:oak_fence":232,"minecraft:stone_shovel":818,"tacz:gun_smith_table":2,"minecraft:cooked_chicken":5,"minecraft:oak_door":2,"minecraft:torch":224,"minecraft:dirt":952,"minecraft:cobblestone_wall":2,"minecraft:granite":6,"minecraft:oak_fence_gate":3,"minecraft:wooden_axe":204,"projectvibrantjourneys:fallen_leaves":9,"minecraft:iron_axe":509,"minecraft:iron_boots":1,"cfm:stripped_oak_upgraded_fence":22,"minecraft:gray_glazed_terracotta":1,"projectvibrantjourneys:cattail":1,"minecraft:cooked_beef":12,"minecraft:cobbled_deepslate":43,"minecraft:cooked_mutton":10,"minecraft:birch_planks":1,"minecraft:oak_slab":2,"minecraft:crafting_table":15,"minecraft:white_bed":2,"minecraft:oak_log":43,"minecraft:gray_terracotta":4,"minecraft:cornflower":3,"minecraft:apple":10,"minecraft:oxeye_daisy":1,"minecraft:oak_button":3,"minecraft:iron_pickaxe":675,"minecraft:cobblestone":3,"minecraft:cooked_porkchop":8,"minecraft:porkchop":1,"minecraft:glass_pane":101,"alexsmobs:animal_dictionary":1,"minecraft:brush":4,"minecraft:stripped_oak_log":15,"minecraft:dandelion":22,"minecraft:gray_wool":1}},"DataVersion":3465}