{"stats":{"minecraft:crafted":{"minecraft:smooth_stone":12,"minecraft:oak_planks":2818,"minecraft:quartz_bricks":4,"minecraft:cooked_chicken":7,"minecraft:stone":152,"sophisticatedbackpacks:crafting_upgrade":1,"minecraft:diamond_shovel":1,"minecraft:bookshelf":18,"cfm:stripped_oak_upgraded_fence":12,"minecraft:quartz_pillar":66,"minecraft:cooked_mutton":21,"securitycraft:laser_block":1,"minecraft:glass":76,"minecraft:diamond_helmet":1,"minecraft:iron_boots":3,"minecraft:chest":17,"minecraft:oak_button":2,"alexsmobs:cooked_catfish":2,"cfm:oak_park_bench":4,"minecraft:stone_hoe":1,"minecraft:stone_bricks":104,"minecraft:oak_fence":237,"minecraft:oak_slab":12,"minecraft:deepslate":30,"minecraft:wooden_shovel":1,"minecraft:emerald":152,"minecraft:cooked_porkchop":15,"minecraft:diamond_axe":1,"minecraft:crafting_table":24,"minecraft:wooden_pickaxe":1,"minecraft:baked_potato":31,"minecraft:iron_helmet":3,"minecraft:brown_dye":1,"minecraft:brush":1,"minecraft:copper_ingot":344,"minecraft:birch_planks":12,"sophisticatedbackpacks:upgrade_base":1,"minecraft:wooden_hoe":2,"minecraft:iron_chestplate":3,"minecraft:paper":6,"minecraft:charcoal":179,"minecraft:shield":1,"sophisticatedbackpacks:diamond_backpack":2,"minecraft:stick":3718,"minecraft:leather_chestplate":1,"minecraft:iron_ingot":268,"minecraft:iron_pickaxe":4,"minecraft:iron_block":2,"minecraft:stone_sword":1,"minecraft:gold_ingot":37,"minecraft:redstone_torch":1,"securitycraft:universal_block_reinforcer_lvl1":1,"minecraft:oak_door":3,"minecraft:stone_shovel":15,"securitycraft:sentry":1,"minecraft:leather_leggings":1,"minecraft:furnace":3,"mcwdoors:oak_japanese_door":3,"minecraft:blast_furnace":4,"minecraft:bone_meal":36,"minecraft:glass_pane":160,"minecraft:diamond":54,"minecraft:iron_axe":3,"minecraft:ladder":6,"minecraft:stone_pickaxe":11,"cfm:oak_table":4,"minecraft:redstone_block":1,"sophisticatedbackpacks:iron_backpack":1,"minecraft:wheat":342,"minecraft:cooked_beef":16,"minecraft:sugar":96,"securitycraft:portable_radar":1,"securitycraft:reinforced_dispenser":1,"minecraft:iron_sword":2,"sophisticatedbackpacks:gold_backpack":1,"minecraft:bucket":1,"minecraft:stone_axe":2,"minecraft:enchanted_book":1,"minecraft:orange_dye":1,"minecraft:bread":173,"minecraft:air":0,"minecraft:oak_fence_gate":5,"minecraft:oak_boat":2,"minecraft:gunpowder":78,"minecraft:oak_stairs":8,"minecraft:wooden_axe":5,"minecraft:iron_shovel":1,"minecraft:iron_leggings":3,"cfm:oak_upgraded_fence":156,"minecraft:pumpkin_pie":1,"minecraft:torch":196,"mcwdoors:oak_bark_glass_door":9},"minecraft:mined":{"minecraft:white_bed":5,"minecraft:oak_sapling":7,"minecraft:farmland":1,"projectvibrantjourneys:dead_fallen_leaves":1,"minecraft:cobblestone_stairs":7,"cfm:stripped_oak_upgraded_fence":27,"minecraft:brewing_stand":1,"minecraft:obsidian":10,"minecraft:granite":73,"minecraft:grass_block":1875,"minecraft:exposed_cut_copper_stairs":1,"minecraft:polished_diorite":12,"minecraft:composter":5,"tacz:gun_smith_table":2,"minecraft:oxeye_daisy":7,"minecraft:spawner":7,"minecraft:light_blue_stained_glass":7,"minecraft:smooth_stone":10,"minecraft:tall_seagrass":4,"minecraft:magma_block":2,"minecraft:iron_ore":78,"minecraft:cobbled_deepslate":23,"minecraft:pumpkin":15,"projectvibrantjourneys:bark_mushroom":2,"minecraft:moss_carpet":1,"minecraft:deepslate_lapis_ore":10,"minecraft:azure_bluet":5,"minecraft:enchanting_table":2,"minecraft:dirt_path":18,"minecraft:water_cauldron":4,"minecraft:oak_stairs":84,"minecraft:iron_bars":4,"minecraft:red_bed":2,"projectvibrantjourneys:cattail":20,"minecraft:deepslate_redstone_ore":19,"minecraft:gray_terracotta":4,"minecraft:quartz_block":317,"projectvibrantjourneys:sea_oats":5,"minecraft:cyan_terracotta":71,"minecraft:exposed_copper":34,"minecraft:kelp_plant":10,"minecraft:smoker":1,"minecraft:clay":4,"minecraft:light_gray_terracotta":28,"minecraft:torch":52,"projectvibrantjourneys:twigs":21,"minecraft:blast_furnace":3,"minecraft:poppy":5,"minecraft:chest":7,"minecraft:white_stained_glass_pane":3,"projectvibrantjourneys:natural_cobweb":1,"minecraft:cobblestone":68,"minecraft:sugar_cane":101,"projectvibrantjourneys:fallen_leaves":41,"minecraft:grindstone":6,"minecraft:oak_planks":223,"minecraft:bricks":1,"minecraft:iron_door":8,"minecraft:wall_torch":56,"minecraft:deepslate_copper_ore":17,"minecraft:seagrass":5,"minecraft:polished_diorite_stairs":2,"sophisticatedbackpacks:diamond_backpack":1,"minecraft:birch_log":28,"minecraft:wheat":657,"projectvibrantjourneys:bones":2,"minecraft:copper_block":15,"minecraft:smooth_stone_slab":5,"minecraft:yellow_stained_glass_pane":5,"minecraft:grass":652,"minecraft:oak_log":972,"projectvibrantjourneys:short_grass":481,"cfm:oak_park_bench":1,"minecraft:sand":196,"minecraft:dirt":576,"minecraft:stonecutter":3,"minecraft:deepslate":465,"minecraft:oak_leaves":46,"minecraft:tuff":1,"minecraft:mossy_cobblestone":10,"minecraft:deepslate_diamond_ore":1,"minecraft:oak_door":4,"minecraft:sea_lantern":6,"projectvibrantjourneys:rocks":16,"minecraft:glow_lichen":2,"minecraft:ladder":2,"projectvibrantjourneys:sandstone_rocks":1,"minecraft:spruce_leaves":5,"minecraft:kelp":2,"minecraft:hay_block":38,"minecraft:deepslate_brick_slab":9,"minecraft:redstone_ore":5,"minecraft:furnace":15,"minecraft:carrots":6,"projectvibrantjourneys:orange_bark_mushroom":2,"minecraft:andesite":150,"minecraft:diamond_block":6,"cfm:oak_upgraded_fence":6,"minecraft:bookshelf":15,"minecraft:deepslate_iron_ore":60,"minecraft:stripped_oak_log":44,"projectvibrantjourneys:seashells":2,"minecraft:stone":1020,"sophisticatedbackpacks:backpack":1,"minecraft:smithing_table":1,"minecraft:oak_slab":2,"minecraft:glass_pane":10,"minecraft:dandelion":47,"minecraft:oak_fence":72,"minecraft:crafting_table":6,"minecraft:cornflower":8,"minecraft:gray_stained_glass":6,"minecraft:lectern":12,"projectvibrantjourneys:mossy_rocks":3,"minecraft:copper_ore":109,"minecraft:tall_grass":52,"minecraft:quartz_bricks":2,"minecraft:deepslate_gold_ore":32,"minecraft:lapis_ore":14,"minecraft:red_concrete":3,"minecraft:lily_pad":3,"minecraft:diorite":111,"minecraft:black_stained_glass":5,"minecraft:gray_wool":1,"minecraft:cobblestone_wall":6,"minecraft:birch_leaves":2,"minecraft:quartz_pillar":10,"minecraft:yellow_bed":12,"projectvibrantjourneys:sandy_sprouts":2,"minecraft:coal_ore":240,"minecraft:gravel":194,"minecraft:yellow_concrete":9,"minecraft:cracked_stone_bricks":4,"minecraft:oak_button":1,"minecraft:stone_bricks":147,"minecraft:mossy_stone_bricks":5,"minecraft:gold_ore":13,"minecraft:iron_trapdoor":1},"minecraft:killed":{"zombie_more:cursed_zombie":15,"guardvillagers:guard":8,"alexsmobs:lobster":10,"zombie_more:tank_zombie":11,"minecraft:zombified_piglin":28,"minecraft:spider":33,"minecraft:cod":6,"minecraft:zombie_horse":10,"minecraft:skeleton":7,"alexsmobs:orca":1,"minecraft:guardian":8,"minecraft:chicken":8,"zombie_more:boomer_zombie":6,"minecraft:pig":9,"minecraft:zombie_villager":10,"mutantmonsters:mutant_skeleton":2,"minecraft:creeper":2,"minecraft:sheep":13,"minecraft:pillager":8,"minecraft:zombie":119,"zombie_more:explosive_zombie":11,"alexsmobs:fly":1,"minecraft:blaze":51,"minecraft:cow":18,"alexsmobs:raccoon":1,"minecraft:zoglin":1,"minecraft:phantom":48,"minecraft:horse":1,"mutantmonsters:mutant_snow_golem":1,"alexsmobs:bison":3,"minecraft:drowned":43,"minecraft:husk":78,"zombie_more:crawler_zombie":24,"minecraft:squid":2,"alexsmobs:catfish":1,"alexsmobs:crocodile":2,"alexsmobs:cockroach":1,"alexsmobs:crow":1,"minecraft:villager":1,"minecraft:enderman":2},"minecraft:killed_by":{"minecraft:zombie":1,"guardvillagers:guard":2},"minecraft:dropped":{"minecraft:iron_sword":1,"minecraft:cooked_beef":7,"minecraft:lapis_lazuli":18,"minecraft:oak_log":21,"minecraft:exposed_cut_copper_stairs":1,"minecraft:baked_potato":5,"minecraft:crafting_table":1,"minecraft:leather":6,"minecraft:cracked_stone_bricks":1,"minecraft:saddle":1,"projectvibrantjourneys:orange_bark_mushroom":5,"minecraft:flint":6,"minecraft:cobblestone_stairs":1,"minecraft:cyan_terracotta":64,"minecraft:dirt":53,"minecraft:red_bed":2,"minecraft:cornflower":6,"projectvibrantjourneys:fallen_leaves":3,"alexsmobs:cooked_catfish":2,"minecraft:bone_meal":2,"minecraft:iron_pickaxe":1,"minecraft:white_wool":1,"minecraft:bone":3,"minecraft:cooked_chicken":2,"minecraft:oak_door":1,"minecraft:gravel":17,"minecraft:diamond_block":6,"alexsmobs:animal_dictionary":1,"projectvibrantjourneys:twigs":1,"minecraft:rotten_flesh":45,"minecraft:oak_planks":52,"minecraft:enchanted_golden_apple":1,"projectvibrantjourneys:sea_oats":4,"minecraft:azure_bluet":2,"minecraft:carrot":44,"sophisticatedbackpacks:diamond_backpack":2,"minecraft:poppy":1,"projectvibrantjourneys:light_brown_bark_mushroom":5,"minecraft:gunpowder":28,"zombie_more:acid_drool":5,"minecraft:birch_button":1,"projectvibrantjourneys:cattail":2,"minecraft:beef":8,"minecraft:lectern":1,"minecraft:egg":1,"minecraft:bread":7,"minecraft:iron_ingot":10,"minecraft:wheat_seeds":54,"minecraft:yellow_concrete":1,"minecraft:diamond_leggings":1,"minecraft:feather":2,"minecraft:iron_helmet":2,"minecraft:book":5,"minecraft:apple":1,"minecraft:copper_ingot":68,"minecraft:coal":7,"minecraft:stick":7,"minecraft:oxeye_daisy":2,"minecraft:gray_wool":2,"minecraft:ink_sac":3,"minecraft:wooden_axe":2,"minecraft:brown_wool":1,"minecraft:iron_door":1,"minecraft:diamond_helmet":1,"minecraft:green_carpet":2,"tacz:modern_kinetic_gun":7,"minecraft:iron_axe":1,"minecraft:string":4,"minecraft:lily_pad":3,"minecraft:bucket":1,"minecraft:dandelion":28,"minecraft:polished_diorite":6,"minecraft:furnace":1,"alexsmobs:crocodile_scute":1,"minecraft:kelp":4,"minecraft:stone_sword":2,"minecraft:cobblestone_wall":1,"minecraft:smooth_stone_slab":2,"minecraft:stone_shovel":3,"sophisticatedbackpacks:backpack":1,"minecraft:diamond_sword":1,"minecraft:gray_terracotta":12,"minecraft:oak_button":3,"minecraft:diamond_chestplate":1,"minecraft:diamond_pickaxe":5,"minecraft:iron_chestplate":2,"minecraft:andesite":1,"minecraft:oak_sapling":2,"minecraft:wooden_shovel":1,"minecraft:golden_sword":1,"minecraft:spider_eye":2,"mutantmonsters:mutant_skeleton_rib":1,"tacz:ammo":261,"minecraft:diamond_boots":1,"minecraft:raw_gold":7,"minecraft:nautilus_shell":1},"minecraft:broken":{"minecraft:iron_shovel":1,"minecraft:iron_boots":1,"minecraft:iron_chestplate":1,"minecraft:iron_leggings":1,"minecraft:stone_pickaxe":7,"minecraft:stone_axe":1,"minecraft:iron_sword":1,"minecraft:wooden_axe":3,"minecraft:stone_shovel":12,"minecraft:stone_hoe":1,"minecraft:shield":1,"minecraft:iron_axe":3,"minecraft:iron_pickaxe":4,"minecraft:iron_helmet":1,"minecraft:wooden_hoe":1},"minecraft:used":{"minecraft:moss_carpet":1,"minecraft:iron_shovel":265,"minecraft:poppy":2,"minecraft:ladder":7,"minecraft:chest":24,"minecraft:shield":53,"minecraft:iron_sword":709,"minecraft:rotten_flesh":46,"minecraft:iron_chestplate":5,"minecraft:mutton":5,"minecraft:jungle_planks":6,"minecraft:carrot":79,"minecraft:deepslate_brick_slab":9,"minecraft:azure_bluet":1,"sophisticatedbackpacks:diamond_backpack":1,"alexsmobs:lobster_tail":4,"minecraft:quartz_pillar":74,"minecraft:villager_spawn_egg":15,"minecraft:birch_sapling":6,"minecraft:quartz_block":233,"minecraft:stone_bricks":122,"minecraft:furnace":11,"minecraft:oak_sapling":155,"guardvillagers:guard_spawn_egg":12,"mcwdoors:oak_japanese_door":6,"minecraft:egg":9,"minecraft:potato":1,"minecraft:diorite":3,"minecraft:leather_leggings":1,"cfm:oak_park_bench":5,"minecraft:stone_pickaxe":1132,"minecraft:oak_planks":195,"minecraft:wooden_pickaxe":13,"minecraft:composter":5,"minecraft:diamond_axe":860,"minecraft:sugar_cane":9,"minecraft:white_wool":1,"minecraft:golden_apple":2,"minecraft:blast_furnace":7,"minecraft:light_gray_terracotta":8,"minecraft:yellow_concrete":6,"minecraft:exposed_copper":15,"sophisticatedbackpacks:backpack":1,"minecraft:bread":237,"cfm:oak_upgraded_fence":346,"minecraft:lectern":15,"minecraft:gravel":47,"minecraft:iron_door":4,"mutantmonsters:mutant_snow_golem_spawn_egg":1,"minecraft:diamond_sword":391,"minecraft:grindstone":8,"minecraft:smithing_table":1,"minecraft:andesite":17,"minecraft:oak_boat":4,"minecraft:bone_meal":18,"projectvibrantjourneys:sandy_sprouts":2,"minecraft:oak_fence":296,"minecraft:enchanting_table":2,"minecraft:stone_sword":72,"minecraft:carved_pumpkin":5,"minecraft:stone_shovel":1743,"tacz:gun_smith_table":2,"minecraft:stone_hoe":137,"minecraft:cooked_chicken":5,"minecraft:oak_door":5,"minecraft:torch":430,"minecraft:brewing_stand":2,"minecraft:dirt":2345,"minecraft:anvil":1,"minecraft:cobblestone_wall":3,"minecraft:granite":9,"minecraft:oak_fence_gate":3,"minecraft:polished_diorite":6,"minecraft:wooden_axe":221,"cfm:oak_table":4,"projectvibrantjourneys:fallen_leaves":17,"minecraft:bookshelf":23,"minecraft:iron_block":6,"minecraft:oak_stairs":8,"minecraft:iron_axe":688,"minecraft:iron_boots":1,"cfm:stripped_oak_upgraded_fence":31,"securitycraft:sentry":2,"projectvibrantjourneys:orange_bark_mushroom":1,"minecraft:beef":16,"minecraft:gray_glazed_terracotta":1,"projectvibrantjourneys:cattail":1,"mcwdoors:oak_bark_glass_door":8,"minecraft:cooked_beef":29,"minecraft:cobbled_deepslate":542,"minecraft:enchanted_golden_apple":1,"minecraft:iron_leggings":2,"minecraft:wheat_seeds":741,"minecraft:quartz_bricks":2,"minecraft:cooked_mutton":21,"minecraft:water_bucket":46,"minecraft:cobblestone_stairs":2,"minecraft:birch_planks":1,"minecraft:baked_potato":39,"minecraft:stonecutter":3,"minecraft:cracked_stone_bricks":1,"minecraft:mossy_cobblestone":6,"minecraft:crafting_table":27,"minecraft:oak_slab":3,"minecraft:red_bed":9,"minecraft:cod":2,"minecraft:white_bed":4,"minecraft:smoker":2,"minecraft:wooden_hoe":66,"minecraft:oak_log":51,"minecraft:apple":44,"minecraft:gray_terracotta":10,"minecraft:diamond_pickaxe":1180,"minecraft:cornflower":3,"minecraft:oxeye_daisy":1,"minecraft:diamond_shovel":764,"minecraft:oak_button":3,"minecraft:iron_pickaxe":1000,"minecraft:map":1,"minecraft:stone_axe":224,"minecraft:fishing_rod":14,"minecraft:cobblestone":76,"minecraft:splash_potion":2,"minecraft:porkchop":1,"minecraft:gray_wool":1,"minecraft:white_banner":2,"minecraft:cooked_porkchop":16,"minecraft:pumpkin_pie":1,"minecraft:brush":4,"minecraft:glass_pane":156,"minecraft:bucket":47,"minecraft:stripped_oak_log":15,"alexsmobs:animal_dictionary":1,"minecraft:yellow_bed":12,"minecraft:dandelion":27,"minecraft:smooth_stone":9},"minecraft:picked_up":{"minecraft:wooden_axe":1,"minecraft:iron_chestplate":3,"minecraft:wheat":697,"minecraft:exposed_copper":32,"minecraft:iron_trapdoor":1,"minecraft:smithing_table":1,"minecraft:diamond_sword":1,"minecraft:oak_stairs":85,"minecraft:birch_button":2,"minecraft:brewing_stand":1,"minecraft:golden_sword":4,"minecraft:string":44,"minecraft:raw_copper":425,"alexsmobs:ancient_dart":1,"minecraft:smooth_stone_slab":8,"zombie_more:acid_drool":7,"minecraft:diamond_leggings":1,"minecraft:smooth_stone":10,"minecraft:gold_nugget":3,"minecraft:cobbled_deepslate":474,"cfm:stripped_oak_upgraded_fence":27,"minecraft:furnace":15,"minecraft:stick":273,"minecraft:composter":5,"minecraft:oak_fence":68,"minecraft:torch":192,"minecraft:porkchop":19,"tacz:attachment":1,"minecraft:diorite":77,"alexsmobs:centipede_leg":1,"minecraft:golden_chestplate":1,"minecraft:cauldron":4,"minecraft:quartz_block":372,"minecraft:stone_sword":2,"minecraft:rotten_flesh":299,"alexsmobs:flying_fish_boots":1,"minecraft:cyan_terracotta":64,"projectvibrantjourneys:cattail":12,"mutantmonsters:mutant_skeleton_shoulder_pad":1,"minecraft:blaze_rod":25,"minecraft:obsidian":9,"minecraft:iron_bars":5,"minecraft:cod":8,"minecraft:snowball":16,"alexsmobs:lobster_tail":4,"minecraft:cobblestone":817,"minecraft:nautilus_shell":1,"minecraft:birch_log":28,"minecraft:enchanting_table":2,"minecraft:magma_block":2,"minecraft:feather":9,"minecraft:cooked_beef":14,"minecraft:golden_leggings":1,"minecraft:brown_wool":1,"minecraft:copper_block":15,"minecraft:iron_door":9,"projectvibrantjourneys:fallen_leaves":42,"minecraft:andesite":129,"minecraft:smoker":1,"alexsmobs:bison_fur":2,"minecraft:flint":13,"minecraft:tuff":1,"minecraft:dirt":2453,"minecraft:lapis_lazuli":172,"securitycraft:sentry":1,"zombie_more:crawler_gut":5,"zombie_more:brain":3,"minecraft:leather_boots":1,"minecraft:glass":19,"minecraft:bone":17,"minecraft:exposed_cut_copper_stairs":1,"minecraft:gray_terracotta":18,"minecraft:bow":1,"minecraft:stonecutter":3,"minecraft:wheat_seeds":2066,"cfm:oak_park_bench":1,"minecraft:deepslate_brick_slab":9,"minecraft:raw_gold":45,"minecraft:grindstone":6,"minecraft:mossy_stone_bricks":3,"minecraft:diamond_helmet":1,"tacz:gun_smith_table":2,"minecraft:oak_planks":302,"minecraft:cooked_porkchop":1,"minecraft:gray_glazed_terracotta":43,"minecraft:sand":192,"cfm:oak_upgraded_fence":6,"minecraft:ink_sac":3,"minecraft:grass_block":1,"securitycraft:reinforced_dispenser":1,"minecraft:diamond_block":12,"projectvibrantjourneys:dead_fallen_leaves":1,"minecraft:mossy_cobblestone":10,"alexsmobs:animal_dictionary":1,"minecraft:quartz_bricks":2,"minecraft:light_gray_terracotta":28,"minecraft:diamond":3,"minecraft:crossbow":3,"minecraft:granite":63,"minecraft:bone_meal":2,"minecraft:golden_apple":3,"minecraft:bread":97,"minecraft:emerald":10,"minecraft:oak_sapling":361,"minecraft:diamond_pickaxe":6,"minecraft:crafting_table":5,"zombie_more:charcoal_rib":3,"minecraft:azure_bluet":6,"minecraft:chicken":8,"minecraft:ladder":5,"minecraft:clay_ball":16,"minecraft:leather_leggings":1,"minecraft:wooden_pickaxe":1,"minecraft:shield":4,"minecraft:cornflower":9,"minecraft:red_bed":4,"minecraft:moss_carpet":3,"minecraft:iron_axe":1,"mcwdoors:oak_japanese_door":3,"tacz:ammo":1667,"minecraft:cracked_stone_bricks":4,"minecraft:beef":69,"minecraft:oak_boat":3,"projectvibrantjourneys:sandy_sprouts":2,"minecraft:poppy":5,"minecraft:lectern":14,"minecraft:sugar_cane":236,"minecraft:chest":7,"minecraft:birch_sapling":7,"minecraft:egg":10,"minecraft:raw_iron":149,"securitycraft:reinforced_cobblestone":14,"minecraft:oak_door":8,"mcwdoors:oak_bark_glass_door":2,"minecraft:copper_ingot":148,"projectvibrantjourneys:bark_mushroom":5,"zombie_more:cursed_heart":1,"sophisticatedbackpacks:backpack":2,"minecraft:quartz_pillar":10,"minecraft:trident":1,"minecraft:carrot":22,"minecraft:redstone":100,"minecraft:prismarine_crystals":14,"alexsmobs:crocodile_scute":3,"minecraft:arrow":6,"minecraft:diamond_chestplate":1,"minecraft:stone_shovel":2,"minecraft:diamond_boots":1,"minecraft:hay_block":38,"mutantmonsters:mutant_skeleton_rib":6,"minecraft:saddle":1,"minecraft:mutton":23,"minecraft:white_wool":12,"minecraft:oxeye_daisy":7,"minecraft:stripped_oak_log":44,"minecraft:leather":16,"alexsmobs:froststalker_helmet":1,"minecraft:oak_log":1015,"minecraft:lily_pad":13,"minecraft:cobblestone_wall":6,"minecraft:yellow_bed":12,"minecraft:gunpowder":19,"minecraft:cobblestone_stairs":6,"projectvibrantjourneys:sea_oats":4,"minecraft:white_banner":3,"minecraft:apple":45,"minecraft:stone_bricks":161,"minecraft:kelp":22,"minecraft:iron_ingot":85,"minecraft:iron_sword":3,"sophisticatedbackpacks:diamond_backpack":3,"minecraft:book":39,"projectvibrantjourneys:light_brown_bark_mushroom":9,"minecraft:oak_slab":2,"minecraft:pumpkin":15,"minecraft:yellow_concrete":9,"minecraft:dandelion":51,"minecraft:gravel":101,"minecraft:blast_furnace":3,"minecraft:white_bed":5,"securitycraft:reinforced_iron_block":3,"minecraft:green_carpet":2,"minecraft:spider_eye":13,"minecraft:polished_diorite_stairs":4,"alexsmobs:raw_catfish":2,"minecraft:slime_ball":2,"minecraft:polished_diorite":12,"tacz:modern_kinetic_gun":9,"minecraft:iron_helmet":2,"minecraft:gray_wool":3,"minecraft:oak_button":5,"minecraft:baked_potato":2,"projectvibrantjourneys:orange_bark_mushroom":7,"projectvibrantjourneys:twigs":1,"minecraft:red_concrete":2,"minecraft:coal":284,"minecraft:ender_pearl":4},"minecraft:custom":{"minecraft:animals_bred":4,"minecraft:interact_with_crafting_table":237,"minecraft:open_barrel":32,"minecraft:leave_game":58,"minecraft:time_since_death":490564,"minecraft:sprint_one_cm":5205139,"minecraft:damage_blocked_by_shield":3118,"minecraft:drop":253,"minecraft:talked_to_villager":227,"minecraft:play_time":1746752,"minecraft:deaths":43,"minecraft:interact_with_brewingstand":4,"minecraft:jump":24396,"minecraft:walk_on_water_one_cm":164603,"minecraft:enchant_item":5,"minecraft:interact_with_furnace":258,"minecraft:traded_with_villager":165,"minecraft:sleep_in_bed":86,"minecraft:damage_dealt":69888,"minecraft:crouch_one_cm":247094,"minecraft:interact_with_smoker":53,"minecraft:horse_one_cm":1359,"minecraft:interact_with_smithing_table":3,"minecraft:interact_with_anvil":12,"minecraft:mob_kills":620,"minecraft:inspect_hopper":1,"minecraft:damage_dealt_resisted":6798,"minecraft:climb_one_cm":43298,"minecraft:walk_one_cm":4727661,"minecraft:damage_dealt_absorbed":81,"minecraft:sneak_time":91170,"minecraft:walk_under_water_one_cm":162719,"minecraft:boat_one_cm":1746256,"minecraft:interact_with_blast_furnace":141,"minecraft:total_world_time":1747463,"minecraft:raid_trigger":1,"minecraft:interact_with_grindstone":10,"minecraft:interact_with_stonecutter":9,"minecraft:time_since_rest":1329,"minecraft:damage_taken":32127,"minecraft:damage_absorbed":39,"minecraft:swim_one_cm":371582,"minecraft:fly_one_cm":6176158,"minecraft:open_chest":1169,"minecraft:fish_caught":2,"minecraft:fall_one_cm":421786}},"DataVersion":3465}