{"stats":{"minecraft:killed":{"minecraft:sheep":1,"minecraft:zombie":2},"minecraft:killed_by":{"minecraft:zombie":1},"minecraft:used":{"minecraft:white_wool":1},"minecraft:mined":{"minecraft:grass":6,"minecraft:grass_block":1,"minecraft:white_wool":1,"minecraft:fern":1},"minecraft:dropped":{"minecraft:dirt":1},"minecraft:picked_up":{"minecraft:rotten_flesh":2,"minecraft:wheat_seeds":1,"minecraft:mutton":1,"minecraft:dirt":2,"minecraft:white_wool":2},"minecraft:custom":{"minecraft:time_since_rest":2310,"minecraft:crouch_one_cm":48,"minecraft:play_time":6311,"minecraft:sprint_one_cm":3721,"minecraft:deaths":1,"minecraft:damage_taken":250,"minecraft:walk_one_cm":22379,"minecraft:sneak_time":10,"minecraft:mob_kills":3,"minecraft:drop":1,"minecraft:jump":57,"minecraft:damage_dealt":510,"minecraft:leave_game":1,"minecraft:time_since_death":2279,"minecraft:climb_one_cm":273,"minecraft:total_world_time":6311,"minecraft:fly_one_cm":3597}},"DataVersion":3120}