{"stats":{"minecraft:dropped":{"minecraft:cooked_beef":7,"minecraft:lapis_lazuli":18,"minecraft:baked_potato":5,"minecraft:leather":2,"minecraft:cracked_stone_bricks":1,"minecraft:saddle":1,"projectvibrantjourneys:orange_bark_mushroom":5,"minecraft:flint":6,"minecraft:cyan_terracotta":64,"minecraft:dirt":53,"minecraft:cornflower":6,"projectvibrantjourneys:fallen_leaves":3,"alexsmobs:cooked_catfish":2,"minecraft:bone_meal":2,"minecraft:white_wool":1,"minecraft:bone":2,"minecraft:oak_door":1,"minecraft:gravel":17,"minecraft:cooked_chicken":2,"alexsmobs:animal_dictionary":1,"projectvibrantjourneys:twigs":1,"minecraft:rotten_flesh":37,"minecraft:oak_planks":52,"minecraft:azure_bluet":2,"projectvibrantjourneys:sea_oats":3,"minecraft:carrot":44,"minecraft:poppy":1,"projectvibrantjourneys:light_brown_bark_mushroom":1,"minecraft:gunpowder":25,"zombie_more:acid_drool":4,"minecraft:birch_button":1,"projectvibrantjourneys:cattail":2,"minecraft:beef":8,"minecraft:lectern":1,"minecraft:egg":1,"minecraft:bread":7,"minecraft:iron_ingot":10,"minecraft:wheat_seeds":12,"minecraft:feather":2,"minecraft:iron_helmet":2,"minecraft:apple":1,"minecraft:copper_ingot":68,"minecraft:coal":7,"minecraft:stick":4,"minecraft:oxeye_daisy":1,"minecraft:gray_wool":2,"minecraft:ink_sac":3,"minecraft:wooden_axe":2,"minecraft:brown_wool":1,"minecraft:iron_door":1,"tacz:modern_kinetic_gun":6,"minecraft:iron_axe":1,"minecraft:string":4,"minecraft:lily_pad":3,"minecraft:dandelion":23,"minecraft:polished_diorite":2,"minecraft:furnace":1,"alexsmobs:crocodile_scute":1,"minecraft:kelp":4,"minecraft:stone_sword":2,"minecraft:cobblestone_wall":1,"minecraft:smooth_stone_slab":2,"minecraft:stone_shovel":3,"minecraft:gray_terracotta":12,"minecraft:oak_button":1,"minecraft:diamond_pickaxe":5,"minecraft:iron_chestplate":2,"minecraft:andesite":1,"minecraft:oak_sapling":2,"minecraft:wooden_shovel":1,"minecraft:spider_eye":1,"tacz:ammo":261,"minecraft:raw_gold":7,"mutantmonsters:mutant_skeleton_rib":1},"minecraft:used":{"minecraft:iron_shovel":265,"minecraft:poppy":2,"minecraft:chest":20,"minecraft:shield":48,"minecraft:iron_sword":484,"minecraft:rotten_flesh":34,"minecraft:iron_chestplate":4,"minecraft:mutton":5,"minecraft:carrot":79,"minecraft:azure_bluet":1,"alexsmobs:lobster_tail":4,"minecraft:quartz_pillar":68,"minecraft:villager_spawn_egg":15,"minecraft:quartz_block":221,"minecraft:stone_bricks":112,"minecraft:furnace":11,"minecraft:oak_sapling":68,"guardvillagers:guard_spawn_egg":9,"mcwdoors:oak_japanese_door":6,"minecraft:egg":9,"minecraft:potato":1,"minecraft:diorite":3,"minecraft:leather_leggings":1,"minecraft:stone_pickaxe":1132,"minecraft:oak_planks":162,"minecraft:wooden_pickaxe":13,"minecraft:sugar_cane":9,"minecraft:white_wool":1,"minecraft:blast_furnace":7,"minecraft:light_gray_terracotta":8,"minecraft:exposed_copper":15,"minecraft:bread":145,"cfm:oak_upgraded_fence":39,"minecraft:lectern":9,"minecraft:gravel":47,"minecraft:iron_door":2,"mutantmonsters:mutant_snow_golem_spawn_egg":1,"minecraft:grindstone":3,"minecraft:andesite":15,"minecraft:oak_boat":4,"minecraft:bone_meal":18,"projectvibrantjourneys:sandy_sprouts":2,"minecraft:oak_fence":254,"minecraft:enchanting_table":1,"minecraft:stone_sword":72,"minecraft:carved_pumpkin":5,"minecraft:stone_shovel":1612,"tacz:gun_smith_table":2,"minecraft:stone_hoe":137,"minecraft:cooked_chicken":5,"minecraft:oak_door":5,"minecraft:torch":366,"minecraft:brewing_stand":1,"minecraft:dirt":1550,"minecraft:anvil":1,"minecraft:cobblestone_wall":3,"minecraft:granite":9,"minecraft:oak_fence_gate":3,"minecraft:wooden_axe":221,"projectvibrantjourneys:fallen_leaves":17,"minecraft:bookshelf":20,"minecraft:iron_block":6,"minecraft:iron_axe":688,"minecraft:iron_boots":1,"cfm:stripped_oak_upgraded_fence":31,"minecraft:beef":3,"minecraft:gray_glazed_terracotta":1,"projectvibrantjourneys:cattail":1,"minecraft:cooked_beef":12,"minecraft:cobbled_deepslate":405,"minecraft:iron_leggings":2,"minecraft:wheat_seeds":42,"minecraft:cooked_mutton":21,"minecraft:water_bucket":29,"minecraft:birch_planks":1,"minecraft:baked_potato":39,"minecraft:stonecutter":3,"minecraft:cracked_stone_bricks":1,"minecraft:crafting_table":22,"minecraft:oak_slab":3,"minecraft:red_bed":7,"minecraft:white_bed":3,"minecraft:smoker":2,"minecraft:oak_log":43,"minecraft:gray_terracotta":10,"minecraft:apple":20,"minecraft:diamond_pickaxe":394,"minecraft:cornflower":3,"minecraft:oxeye_daisy":1,"minecraft:oak_button":3,"minecraft:iron_pickaxe":1000,"minecraft:map":1,"minecraft:stone_axe":170,"minecraft:cobblestone":18,"minecraft:porkchop":1,"minecraft:white_banner":2,"minecraft:cooked_porkchop":11,"minecraft:gray_wool":1,"minecraft:pumpkin_pie":1,"minecraft:brush":4,"minecraft:bucket":30,"minecraft:glass_pane":141,"minecraft:stripped_oak_log":15,"minecraft:yellow_bed":8,"alexsmobs:animal_dictionary":1,"minecraft:dandelion":27,"minecraft:smooth_stone":3},"minecraft:picked_up":{"minecraft:wooden_axe":1,"minecraft:iron_chestplate":3,"minecraft:wheat":73,"minecraft:exposed_copper":15,"minecraft:smithing_table":1,"minecraft:oak_stairs":17,"minecraft:birch_button":2,"minecraft:brewing_stand":1,"minecraft:string":27,"minecraft:raw_copper":390,"alexsmobs:ancient_dart":1,"minecraft:smooth_stone_slab":3,"zombie_more:acid_drool":4,"minecraft:smooth_stone":3,"minecraft:cobbled_deepslate":337,"cfm:stripped_oak_upgraded_fence":26,"minecraft:furnace":15,"minecraft:stick":139,"minecraft:oak_fence":23,"minecraft:torch":140,"minecraft:porkchop":19,"tacz:attachment":1,"minecraft:diorite":76,"minecraft:golden_chestplate":1,"alexsmobs:centipede_leg":1,"minecraft:cauldron":4,"minecraft:quartz_block":279,"minecraft:stone_sword":2,"minecraft:rotten_flesh":185,"alexsmobs:flying_fish_boots":1,"minecraft:cyan_terracotta":64,"projectvibrantjourneys:cattail":6,"minecraft:blaze_rod":21,"mutantmonsters:mutant_skeleton_shoulder_pad":1,"minecraft:obsidian":9,"minecraft:iron_bars":4,"minecraft:cod":6,"minecraft:snowball":16,"alexsmobs:lobster_tail":4,"minecraft:cobblestone":580,"minecraft:birch_log":28,"minecraft:enchanting_table":1,"minecraft:feather":9,"minecraft:copper_block":15,"projectvibrantjourneys:fallen_leaves":41,"minecraft:golden_leggings":1,"minecraft:iron_door":4,"minecraft:brown_wool":1,"minecraft:andesite":127,"minecraft:smoker":1,"alexsmobs:bison_fur":2,"minecraft:flint":10,"minecraft:tuff":1,"minecraft:lapis_lazuli":172,"minecraft:dirt":1532,"zombie_more:crawler_gut":4,"zombie_more:brain":3,"minecraft:glass":19,"minecraft:bone":15,"minecraft:bow":1,"minecraft:stonecutter":3,"minecraft:gray_terracotta":18,"minecraft:wheat_seeds":147,"minecraft:raw_gold":45,"minecraft:grindstone":1,"minecraft:mossy_stone_bricks":1,"tacz:gun_smith_table":2,"minecraft:oak_planks":160,"minecraft:cooked_porkchop":1,"minecraft:gray_glazed_terracotta":43,"minecraft:sand":192,"cfm:oak_upgraded_fence":3,"minecraft:ink_sac":3,"securitycraft:reinforced_dispenser":1,"alexsmobs:animal_dictionary":1,"minecraft:mossy_cobblestone":4,"minecraft:light_gray_terracotta":28,"minecraft:diamond":3,"minecraft:crossbow":2,"minecraft:granite":63,"minecraft:bone_meal":2,"minecraft:golden_apple":1,"minecraft:emerald":2,"minecraft:bread":55,"minecraft:oak_sapling":160,"minecraft:diamond_pickaxe":6,"zombie_more:charcoal_rib":3,"minecraft:crafting_table":2,"minecraft:azure_bluet":5,"minecraft:chicken":8,"minecraft:clay_ball":16,"minecraft:leather_leggings":1,"minecraft:wooden_pickaxe":1,"minecraft:shield":3,"minecraft:cornflower":9,"minecraft:iron_axe":1,"mcwdoors:oak_japanese_door":3,"tacz:ammo":1262,"minecraft:cracked_stone_bricks":3,"minecraft:beef":69,"minecraft:oak_boat":2,"projectvibrantjourneys:sandy_sprouts":2,"minecraft:poppy":5,"minecraft:lectern":9,"minecraft:sugar_cane":236,"minecraft:chest":7,"minecraft:birch_sapling":6,"minecraft:egg":10,"minecraft:raw_iron":129,"securitycraft:reinforced_cobblestone":14,"minecraft:oak_door":6,"projectvibrantjourneys:bark_mushroom":4,"minecraft:copper_ingot":148,"zombie_more:cursed_heart":1,"minecraft:quartz_pillar":10,"minecraft:carrot":20,"minecraft:redstone":100,"alexsmobs:crocodile_scute":3,"minecraft:arrow":6,"minecraft:stone_shovel":2,"minecraft:hay_block":38,"mutantmonsters:mutant_skeleton_rib":6,"minecraft:saddle":1,"minecraft:mutton":23,"minecraft:white_wool":12,"minecraft:oxeye_daisy":6,"minecraft:stripped_oak_log":44,"minecraft:leather":16,"alexsmobs:froststalker_helmet":1,"minecraft:oak_log":498,"minecraft:lily_pad":10,"minecraft:yellow_bed":9,"minecraft:gunpowder":11,"minecraft:cobblestone_wall":6,"minecraft:cobblestone_stairs":3,"projectvibrantjourneys:sea_oats":3,"minecraft:white_banner":3,"minecraft:apple":26,"minecraft:stone_bricks":157,"minecraft:kelp":4,"minecraft:iron_ingot":85,"minecraft:iron_sword":2,"minecraft:book":36,"projectvibrantjourneys:light_brown_bark_mushroom":5,"minecraft:oak_slab":2,"minecraft:pumpkin":15,"minecraft:yellow_concrete":2,"minecraft:dandelion":43,"minecraft:gravel":66,"minecraft:blast_furnace":3,"minecraft:white_bed":3,"minecraft:spider_eye":11,"minecraft:polished_diorite_stairs":4,"alexsmobs:raw_catfish":2,"minecraft:slime_ball":2,"minecraft:polished_diorite":2,"tacz:modern_kinetic_gun":9,"minecraft:iron_helmet":1,"minecraft:gray_wool":3,"minecraft:oak_button":3,"minecraft:baked_potato":2,"projectvibrantjourneys:orange_bark_mushroom":5,"projectvibrantjourneys:twigs":1,"minecraft:red_concrete":1,"minecraft:coal":231,"minecraft:ender_pearl":2},"minecraft:killed_by":{"minecraft:zombie":1,"guardvillagers:guard":2},"minecraft:mined":{"minecraft:white_bed":3,"minecraft:oak_sapling":2,"minecraft:cobblestone_stairs":3,"cfm:stripped_oak_upgraded_fence":26,"minecraft:brewing_stand":1,"minecraft:obsidian":9,"minecraft:granite":72,"minecraft:grass_block":1290,"minecraft:polished_diorite":2,"tacz:gun_smith_table":2,"minecraft:oxeye_daisy":7,"minecraft:spawner":4,"minecraft:light_blue_stained_glass":7,"minecraft:smooth_stone":3,"minecraft:tall_seagrass":2,"minecraft:iron_ore":64,"minecraft:cobbled_deepslate":21,"projectvibrantjourneys:bark_mushroom":1,"minecraft:pumpkin":15,"minecraft:deepslate_lapis_ore":10,"minecraft:azure_bluet":5,"minecraft:enchanting_table":1,"minecraft:dirt_path":11,"minecraft:water_cauldron":4,"minecraft:oak_stairs":14,"minecraft:iron_bars":3,"projectvibrantjourneys:cattail":9,"minecraft:deepslate_redstone_ore":19,"minecraft:gray_terracotta":4,"minecraft:quartz_block":224,"projectvibrantjourneys:sea_oats":4,"minecraft:cyan_terracotta":71,"minecraft:exposed_copper":17,"minecraft:kelp_plant":1,"minecraft:smoker":1,"minecraft:clay":4,"minecraft:torch":35,"minecraft:light_gray_terracotta":28,"projectvibrantjourneys:twigs":20,"minecraft:blast_furnace":3,"minecraft:poppy":5,"minecraft:chest":7,"projectvibrantjourneys:natural_cobweb":1,"minecraft:cobblestone":32,"minecraft:oak_planks":96,"minecraft:grindstone":1,"projectvibrantjourneys:fallen_leaves":40,"minecraft:sugar_cane":101,"minecraft:bricks":1,"minecraft:iron_door":3,"minecraft:wall_torch":35,"minecraft:deepslate_copper_ore":17,"minecraft:seagrass":3,"minecraft:polished_diorite_stairs":2,"minecraft:birch_log":28,"minecraft:wheat":9,"projectvibrantjourneys:bones":1,"minecraft:smooth_stone_slab":2,"minecraft:copper_block":15,"minecraft:grass":580,"minecraft:oak_log":448,"projectvibrantjourneys:short_grass":432,"minecraft:sand":196,"minecraft:dirt":231,"minecraft:stonecutter":3,"minecraft:oak_leaves":31,"minecraft:deepslate":330,"minecraft:tuff":1,"minecraft:mossy_cobblestone":4,"minecraft:deepslate_diamond_ore":1,"minecraft:oak_door":3,"projectvibrantjourneys:rocks":14,"minecraft:glow_lichen":2,"minecraft:hay_block":38,"minecraft:redstone_ore":5,"minecraft:furnace":15,"minecraft:carrots":6,"minecraft:andesite":137,"cfm:oak_upgraded_fence":3,"minecraft:bookshelf":15,"minecraft:deepslate_iron_ore":54,"minecraft:stripped_oak_log":44,"projectvibrantjourneys:seashells":1,"minecraft:stone":717,"minecraft:smithing_table":1,"minecraft:oak_slab":2,"minecraft:glass_pane":8,"minecraft:dandelion":43,"minecraft:oak_fence":24,"minecraft:crafting_table":3,"minecraft:cornflower":8,"minecraft:gray_stained_glass":6,"minecraft:lectern":7,"projectvibrantjourneys:mossy_rocks":3,"minecraft:tall_grass":44,"minecraft:copper_ore":97,"minecraft:deepslate_gold_ore":32,"minecraft:lapis_ore":14,"minecraft:lily_pad":3,"minecraft:red_concrete":1,"minecraft:diorite":109,"minecraft:cobblestone_wall":6,"minecraft:birch_leaves":2,"minecraft:quartz_pillar":10,"minecraft:yellow_bed":9,"projectvibrantjourneys:sandy_sprouts":2,"minecraft:coal_ore":187,"minecraft:gravel":158,"minecraft:yellow_concrete":2,"minecraft:cracked_stone_bricks":3,"minecraft:oak_button":1,"minecraft:stone_bricks":142,"minecraft:mossy_stone_bricks":3,"minecraft:gold_ore":13},"minecraft:broken":{"minecraft:iron_shovel":1,"minecraft:iron_boots":1,"minecraft:iron_chestplate":1,"minecraft:iron_leggings":1,"minecraft:stone_pickaxe":7,"minecraft:stone_axe":1,"minecraft:iron_sword":1,"minecraft:wooden_axe":3,"minecraft:stone_shovel":11,"minecraft:stone_hoe":1,"minecraft:shield":1,"minecraft:iron_axe":3,"minecraft:iron_pickaxe":4,"minecraft:iron_helmet":1},"minecraft:crafted":{"minecraft:smooth_stone":12,"minecraft:oak_planks":1024,"minecraft:cooked_chicken":7,"minecraft:stone":152,"minecraft:bookshelf":15,"cfm:stripped_oak_upgraded_fence":12,"minecraft:quartz_pillar":58,"minecraft:cooked_mutton":21,"securitycraft:laser_block":1,"minecraft:glass":76,"minecraft:iron_boots":3,"minecraft:chest":12,"minecraft:oak_button":2,"alexsmobs:cooked_catfish":2,"minecraft:stone_hoe":1,"minecraft:stone_bricks":104,"minecraft:oak_fence":219,"minecraft:oak_slab":12,"minecraft:deepslate":30,"minecraft:wooden_shovel":1,"minecraft:cooked_porkchop":10,"minecraft:crafting_table":20,"minecraft:iron_helmet":3,"minecraft:wooden_pickaxe":1,"minecraft:baked_potato":31,"minecraft:brush":1,"minecraft:copper_ingot":344,"minecraft:birch_planks":12,"minecraft:iron_chestplate":3,"minecraft:paper":6,"minecraft:charcoal":171,"minecraft:shield":1,"minecraft:stick":276,"minecraft:leather_chestplate":1,"minecraft:iron_ingot":243,"minecraft:iron_pickaxe":4,"minecraft:stone_sword":1,"minecraft:gold_ingot":37,"minecraft:redstone_torch":1,"securitycraft:universal_block_reinforcer_lvl1":1,"minecraft:oak_door":3,"minecraft:stone_shovel":14,"minecraft:leather_leggings":1,"minecraft:furnace":3,"mcwdoors:oak_japanese_door":3,"minecraft:blast_furnace":4,"minecraft:bone_meal":36,"minecraft:glass_pane":160,"minecraft:iron_axe":3,"minecraft:stone_pickaxe":11,"minecraft:redstone_block":1,"minecraft:wheat":342,"minecraft:cooked_beef":16,"minecraft:sugar":32,"securitycraft:portable_radar":1,"securitycraft:reinforced_dispenser":1,"minecraft:iron_sword":2,"minecraft:bucket":1,"minecraft:stone_axe":2,"minecraft:bread":72,"minecraft:air":0,"minecraft:oak_fence_gate":5,"minecraft:oak_boat":2,"minecraft:gunpowder":63,"minecraft:wooden_axe":5,"minecraft:iron_shovel":1,"minecraft:iron_leggings":3,"cfm:oak_upgraded_fence":36,"minecraft:pumpkin_pie":1,"minecraft:torch":192},"minecraft:custom":{"minecraft:animals_bred":4,"minecraft:interact_with_crafting_table":179,"minecraft:open_barrel":15,"minecraft:leave_game":46,"minecraft:time_since_death":23447,"minecraft:sprint_one_cm":3734076,"minecraft:damage_blocked_by_shield":2890,"minecraft:drop":170,"minecraft:talked_to_villager":40,"minecraft:play_time":1232335,"minecraft:deaths":42,"minecraft:jump":17773,"minecraft:walk_on_water_one_cm":101895,"minecraft:enchant_item":1,"minecraft:interact_with_furnace":252,"minecraft:sleep_in_bed":61,"minecraft:damage_dealt":37143,"minecraft:crouch_one_cm":178515,"minecraft:interact_with_smoker":41,"minecraft:horse_one_cm":1359,"minecraft:interact_with_smithing_table":1,"minecraft:mob_kills":367,"minecraft:damage_dealt_resisted":2378,"minecraft:climb_one_cm":12554,"minecraft:walk_one_cm":3419667,"minecraft:sneak_time":66442,"minecraft:walk_under_water_one_cm":66798,"minecraft:boat_one_cm":659308,"minecraft:interact_with_blast_furnace":122,"minecraft:total_world_time":1233046,"minecraft:raid_trigger":1,"minecraft:interact_with_grindstone":1,"minecraft:interact_with_stonecutter":4,"minecraft:time_since_rest":23475,"minecraft:damage_taken":22573,"minecraft:swim_one_cm":247558,"minecraft:fly_one_cm":4527401,"minecraft:open_chest":849,"minecraft:fall_one_cm":326205},"minecraft:killed":{"zombie_more:cursed_zombie":12,"guardvillagers:guard":7,"alexsmobs:lobster":10,"zombie_more:tank_zombie":11,"minecraft:zombified_piglin":1,"minecraft:spider":28,"minecraft:cod":6,"minecraft:zombie_horse":4,"minecraft:skeleton":7,"minecraft:guardian":1,"minecraft:chicken":8,"zombie_more:boomer_zombie":3,"minecraft:pig":9,"minecraft:zombie_villager":3,"mutantmonsters:mutant_skeleton":2,"minecraft:creeper":2,"minecraft:sheep":13,"minecraft:pillager":8,"minecraft:zombie":89,"zombie_more:explosive_zombie":11,"alexsmobs:fly":1,"minecraft:blaze":42,"minecraft:cow":18,"alexsmobs:raccoon":1,"minecraft:phantom":11,"minecraft:horse":1,"mutantmonsters:mutant_snow_golem":1,"alexsmobs:bison":3,"minecraft:drowned":9,"minecraft:husk":12,"zombie_more:crawler_zombie":16,"minecraft:squid":2,"alexsmobs:catfish":1,"alexsmobs:crocodile":2,"alexsmobs:cockroach":1,"alexsmobs:crow":1,"minecraft:villager":1,"minecraft:enderman":2}},"DataVersion":3465}