{"stats":{"minecraft:mined":{"minecraft:grass":1,"minecraft:grass_block":1,"minecraft:sweet_berry_bush":1,"minecraft:spruce_leaves":3},"minecraft:custom":{"minecraft:time_since_rest":340,"minecraft:crouch_one_cm":30,"minecraft:play_time":6371,"minecraft:sprint_one_cm":29978,"minecraft:deaths":1,"minecraft:damage_taken":230,"minecraft:walk_one_cm":27813,"minecraft:sneak_time":19,"minecraft:mob_kills":1,"minecraft:jump":212,"minecraft:damage_dealt":480,"minecraft:leave_game":1,"minecraft:time_since_death":316,"minecraft:walk_on_water_one_cm":1203,"minecraft:total_world_time":6371,"minecraft:talked_to_villager":1,"minecraft:fall_one_cm":3971,"minecraft:fly_one_cm":32273},"minecraft:used":{"minecraft:dirt":1,"alexsmobs:animal_dictionary":1},"minecraft:picked_up":{"minecraft:spruce_sapling":1,"minecraft:dirt":1},"minecraft:killed":{"alexsmobs:grizzly_bear":1}},"DataVersion":3465}