{"stats":{"minecraft:dropped":{"minecraft:dirt":2,"minecraft:mutton":1},"minecraft:custom":{"minecraft:time_since_rest":2451,"minecraft:damage_taken":490,"minecraft:play_time":10920,"minecraft:crouch_one_cm":48,"minecraft:sprint_one_cm":11054,"minecraft:walk_one_cm":48040,"minecraft:deaths":2,"minecraft:sneak_time":10,"minecraft:mob_kills":6,"minecraft:drop":3,"minecraft:jump":162,"minecraft:damage_dealt":1037,"minecraft:leave_game":3,"minecraft:time_since_death":2418,"minecraft:total_world_time":10920,"minecraft:climb_one_cm":511,"minecraft:fly_one_cm":13967,"minecraft:fall_one_cm":2334},"minecraft:picked_up":{"minecraft:rotten_flesh":4,"minecraft:wheat_seeds":7,"minecraft:porkchop":2,"minecraft:poppy":1,"minecraft:mutton":3,"minecraft:dirt":3,"minecraft:white_wool":3},"minecraft:killed_by":{"minecraft:skeleton":1,"minecraft:zombie":1},"minecraft:mined":{"minecraft:grass":23,"minecraft:grass_block":2,"minecraft:poppy":1,"minecraft:white_wool":1,"minecraft:fern":7},"minecraft:killed":{"minecraft:sheep":2,"minecraft:zombie":3,"minecraft:pig":1,"minecraft:zombie_villager":1},"minecraft:used":{"minecraft:white_wool":1}},"DataVersion":3120}