{"stats":{"minecraft:picked_up":{"minecraft:wooden_axe":1,"minecraft:wheat":73,"minecraft:smithing_table":1,"minecraft:oak_stairs":17,"minecraft:birch_button":2,"minecraft:brewing_stand":1,"minecraft:string":19,"minecraft:raw_copper":350,"zombie_more:acid_drool":4,"minecraft:cobbled_deepslate":337,"cfm:stripped_oak_upgraded_fence":26,"minecraft:furnace":15,"minecraft:stick":130,"minecraft:oak_fence":23,"minecraft:torch":91,"minecraft:porkchop":16,"tacz:attachment":1,"minecraft:diorite":73,"minecraft:golden_chestplate":1,"alexsmobs:centipede_leg":1,"minecraft:cauldron":4,"minecraft:quartz_block":173,"minecraft:stone_sword":1,"minecraft:rotten_flesh":149,"minecraft:cyan_terracotta":64,"projectvibrantjourneys:cattail":6,"mutantmonsters:mutant_skeleton_shoulder_pad":1,"minecraft:obsidian":9,"minecraft:cod":6,"alexsmobs:lobster_tail":4,"minecraft:cobblestone":507,"minecraft:birch_log":28,"minecraft:feather":9,"minecraft:iron_door":2,"minecraft:andesite":127,"projectvibrantjourneys:fallen_leaves":39,"minecraft:smoker":1,"alexsmobs:bison_fur":2,"minecraft:flint":10,"minecraft:tuff":1,"minecraft:lapis_lazuli":172,"minecraft:dirt":1522,"zombie_more:crawler_gut":4,"zombie_more:brain":3,"minecraft:glass":19,"minecraft:bone":15,"minecraft:stonecutter":2,"minecraft:gray_terracotta":18,"minecraft:bow":1,"minecraft:wheat_seeds":146,"minecraft:raw_gold":45,"tacz:gun_smith_table":2,"minecraft:oak_planks":143,"minecraft:cooked_porkchop":1,"minecraft:gray_glazed_terracotta":43,"minecraft:sand":192,"cfm:oak_upgraded_fence":3,"minecraft:ink_sac":3,"securitycraft:reinforced_dispenser":1,"alexsmobs:animal_dictionary":1,"minecraft:mossy_cobblestone":4,"minecraft:light_gray_terracotta":28,"minecraft:diamond":3,"minecraft:granite":63,"minecraft:bone_meal":1,"minecraft:golden_apple":1,"minecraft:bread":55,"minecraft:emerald":2,"minecraft:oak_sapling":158,"minecraft:diamond_pickaxe":1,"zombie_more:charcoal_rib":3,"minecraft:crafting_table":2,"minecraft:azure_bluet":5,"minecraft:chicken":8,"minecraft:clay_ball":16,"minecraft:leather_leggings":1,"minecraft:wooden_pickaxe":1,"minecraft:shield":1,"minecraft:cornflower":9,"minecraft:iron_axe":1,"mcwdoors:oak_japanese_door":3,"tacz:ammo":707,"minecraft:cracked_stone_bricks":1,"minecraft:beef":53,"minecraft:oak_boat":1,"projectvibrantjourneys:sandy_sprouts":2,"minecraft:poppy":5,"minecraft:lectern":8,"minecraft:sugar_cane":227,"minecraft:chest":7,"minecraft:birch_sapling":6,"minecraft:egg":9,"minecraft:raw_iron":119,"securitycraft:reinforced_cobblestone":14,"minecraft:oak_door":5,"minecraft:copper_ingot":148,"projectvibrantjourneys:bark_mushroom":4,"zombie_more:cursed_heart":1,"minecraft:quartz_pillar":8,"minecraft:carrot":20,"minecraft:redstone":100,"alexsmobs:crocodile_scute":3,"minecraft:arrow":6,"minecraft:stone_shovel":2,"minecraft:hay_block":38,"mutantmonsters:mutant_skeleton_rib":6,"minecraft:saddle":1,"minecraft:mutton":19,"minecraft:white_wool":9,"minecraft:oxeye_daisy":6,"minecraft:stripped_oak_log":44,"minecraft:leather":16,"minecraft:oak_log":458,"minecraft:lily_pad":8,"minecraft:yellow_bed":1,"minecraft:gunpowder":10,"minecraft:cobblestone_wall":6,"minecraft:cobblestone_stairs":3,"projectvibrantjourneys:sea_oats":3,"minecraft:white_banner":3,"minecraft:apple":26,"minecraft:stone_bricks":131,"minecraft:iron_ingot":85,"minecraft:iron_sword":1,"minecraft:book":36,"projectvibrantjourneys:light_brown_bark_mushroom":5,"minecraft:oak_slab":2,"minecraft:pumpkin":15,"minecraft:dandelion":38,"minecraft:gravel":66,"minecraft:blast_furnace":3,"minecraft:white_bed":3,"minecraft:spider_eye":10,"alexsmobs:raw_catfish":2,"minecraft:slime_ball":2,"tacz:modern_kinetic_gun":9,"minecraft:gray_wool":3,"minecraft:oak_button":3,"minecraft:baked_potato":2,"projectvibrantjourneys:orange_bark_mushroom":4,"projectvibrantjourneys:twigs":1,"minecraft:coal":165,"minecraft:ender_pearl":1},"minecraft:dropped":{"minecraft:cooked_beef":7,"minecraft:lapis_lazuli":18,"minecraft:baked_potato":5,"minecraft:leather":2,"minecraft:saddle":1,"projectvibrantjourneys:orange_bark_mushroom":4,"minecraft:flint":6,"minecraft:cyan_terracotta":64,"minecraft:dirt":45,"minecraft:cornflower":6,"projectvibrantjourneys:fallen_leaves":1,"alexsmobs:cooked_catfish":2,"minecraft:white_wool":1,"minecraft:oak_door":1,"minecraft:gravel":17,"minecraft:cooked_chicken":2,"alexsmobs:animal_dictionary":1,"projectvibrantjourneys:twigs":1,"minecraft:rotten_flesh":1,"minecraft:oak_planks":52,"minecraft:azure_bluet":2,"projectvibrantjourneys:sea_oats":3,"minecraft:carrot":44,"minecraft:poppy":1,"projectvibrantjourneys:light_brown_bark_mushroom":1,"minecraft:gunpowder":25,"zombie_more:acid_drool":4,"minecraft:birch_button":1,"projectvibrantjourneys:cattail":2,"minecraft:beef":8,"minecraft:bread":7,"minecraft:iron_ingot":10,"minecraft:wheat_seeds":9,"minecraft:feather":2,"minecraft:copper_ingot":68,"minecraft:coal":7,"minecraft:stick":4,"minecraft:oxeye_daisy":1,"minecraft:gray_wool":2,"minecraft:ink_sac":3,"minecraft:wooden_axe":1,"tacz:modern_kinetic_gun":6,"minecraft:iron_axe":1,"minecraft:string":3,"minecraft:lily_pad":1,"minecraft:dandelion":23,"minecraft:furnace":1,"alexsmobs:crocodile_scute":1,"minecraft:cobblestone_wall":1,"minecraft:stone_shovel":2,"minecraft:gray_terracotta":12,"minecraft:oak_button":1,"minecraft:andesite":1,"minecraft:wooden_shovel":1,"tacz:ammo":21,"minecraft:raw_gold":7,"mutantmonsters:mutant_skeleton_rib":1},"minecraft:crafted":{"minecraft:smooth_stone":12,"minecraft:oak_planks":848,"minecraft:cooked_chicken":7,"minecraft:stone":152,"cfm:stripped_oak_upgraded_fence":12,"minecraft:cooked_mutton":21,"minecraft:quartz_pillar":32,"securitycraft:laser_block":1,"minecraft:glass":76,"minecraft:iron_boots":3,"minecraft:chest":11,"minecraft:oak_button":2,"alexsmobs:cooked_catfish":2,"minecraft:stone_hoe":1,"minecraft:stone_bricks":104,"minecraft:oak_fence":219,"minecraft:oak_slab":12,"minecraft:wooden_shovel":1,"minecraft:cooked_porkchop":7,"minecraft:crafting_table":17,"minecraft:iron_helmet":3,"minecraft:wooden_pickaxe":1,"minecraft:baked_potato":31,"minecraft:brush":1,"minecraft:copper_ingot":344,"minecraft:birch_planks":12,"minecraft:iron_chestplate":3,"minecraft:paper":6,"minecraft:charcoal":77,"minecraft:shield":1,"minecraft:stick":276,"minecraft:iron_ingot":233,"minecraft:leather_chestplate":1,"minecraft:iron_pickaxe":4,"minecraft:stone_sword":1,"minecraft:gold_ingot":26,"minecraft:redstone_torch":1,"securitycraft:universal_block_reinforcer_lvl1":1,"minecraft:oak_door":3,"minecraft:stone_shovel":14,"minecraft:leather_leggings":1,"minecraft:furnace":3,"mcwdoors:oak_japanese_door":3,"minecraft:blast_furnace":4,"minecraft:bone_meal":36,"minecraft:glass_pane":160,"minecraft:iron_axe":3,"minecraft:stone_pickaxe":11,"minecraft:redstone_block":1,"minecraft:wheat":342,"minecraft:cooked_beef":16,"minecraft:sugar":32,"securitycraft:portable_radar":1,"securitycraft:reinforced_dispenser":1,"minecraft:iron_sword":2,"minecraft:bucket":1,"minecraft:stone_axe":1,"minecraft:bread":58,"minecraft:air":0,"minecraft:oak_fence_gate":5,"minecraft:gunpowder":27,"minecraft:wooden_axe":4,"minecraft:iron_shovel":1,"minecraft:iron_leggings":3,"cfm:oak_upgraded_fence":36,"minecraft:pumpkin_pie":1,"minecraft:torch":176},"minecraft:mined":{"minecraft:white_bed":3,"minecraft:oak_sapling":2,"minecraft:cobblestone_stairs":3,"cfm:stripped_oak_upgraded_fence":26,"minecraft:brewing_stand":1,"minecraft:obsidian":9,"minecraft:granite":69,"minecraft:grass_block":1281,"tacz:gun_smith_table":2,"minecraft:oxeye_daisy":7,"minecraft:spawner":4,"minecraft:light_blue_stained_glass":7,"minecraft:tall_seagrass":2,"minecraft:iron_ore":54,"minecraft:cobbled_deepslate":21,"projectvibrantjourneys:bark_mushroom":1,"minecraft:pumpkin":15,"minecraft:deepslate_lapis_ore":10,"minecraft:azure_bluet":5,"minecraft:dirt_path":11,"minecraft:water_cauldron":4,"minecraft:oak_stairs":14,"projectvibrantjourneys:cattail":9,"minecraft:deepslate_redstone_ore":19,"minecraft:gray_terracotta":4,"minecraft:quartz_block":118,"projectvibrantjourneys:sea_oats":4,"minecraft:cyan_terracotta":71,"minecraft:smoker":1,"minecraft:clay":4,"minecraft:torch":34,"minecraft:light_gray_terracotta":28,"projectvibrantjourneys:twigs":19,"minecraft:blast_furnace":3,"minecraft:poppy":5,"minecraft:chest":7,"projectvibrantjourneys:natural_cobweb":1,"minecraft:cobblestone":32,"minecraft:oak_planks":79,"projectvibrantjourneys:fallen_leaves":39,"minecraft:sugar_cane":97,"minecraft:bricks":1,"minecraft:iron_door":2,"minecraft:wall_torch":33,"minecraft:deepslate_copper_ore":17,"minecraft:seagrass":3,"minecraft:birch_log":28,"minecraft:wheat":9,"projectvibrantjourneys:bones":1,"minecraft:smooth_stone_slab":1,"minecraft:grass":571,"minecraft:oak_log":407,"projectvibrantjourneys:short_grass":415,"minecraft:sand":196,"minecraft:dirt":227,"minecraft:stonecutter":2,"minecraft:oak_leaves":31,"minecraft:deepslate":330,"minecraft:tuff":1,"minecraft:mossy_cobblestone":4,"minecraft:deepslate_diamond_ore":1,"minecraft:oak_door":3,"projectvibrantjourneys:rocks":14,"minecraft:glow_lichen":2,"minecraft:hay_block":38,"minecraft:redstone_ore":5,"minecraft:carrots":6,"minecraft:furnace":15,"minecraft:andesite":137,"cfm:oak_upgraded_fence":3,"minecraft:bookshelf":15,"minecraft:deepslate_iron_ore":54,"minecraft:stripped_oak_log":44,"projectvibrantjourneys:seashells":1,"minecraft:stone":565,"minecraft:smithing_table":1,"minecraft:oak_slab":2,"minecraft:glass_pane":8,"minecraft:dandelion":38,"minecraft:oak_fence":24,"minecraft:crafting_table":3,"minecraft:cornflower":8,"minecraft:gray_stained_glass":6,"minecraft:lectern":7,"projectvibrantjourneys:mossy_rocks":3,"minecraft:copper_ore":86,"minecraft:tall_grass":43,"minecraft:deepslate_gold_ore":32,"minecraft:lapis_ore":14,"minecraft:lily_pad":3,"minecraft:diorite":97,"minecraft:cobblestone_wall":6,"minecraft:birch_leaves":2,"minecraft:quartz_pillar":8,"minecraft:yellow_bed":1,"projectvibrantjourneys:sandy_sprouts":2,"minecraft:coal_ore":121,"minecraft:gravel":158,"minecraft:cracked_stone_bricks":1,"minecraft:oak_button":1,"minecraft:stone_bricks":97,"minecraft:gold_ore":13},"minecraft:used":{"minecraft:iron_shovel":265,"minecraft:poppy":2,"minecraft:chest":19,"minecraft:shield":48,"minecraft:iron_sword":482,"minecraft:rotten_flesh":30,"minecraft:mutton":1,"minecraft:carrot":79,"minecraft:azure_bluet":1,"alexsmobs:lobster_tail":4,"minecraft:quartz_pillar":40,"minecraft:quartz_block":141,"minecraft:stone_bricks":112,"minecraft:oak_sapling":68,"minecraft:furnace":11,"mcwdoors:oak_japanese_door":6,"minecraft:egg":9,"minecraft:potato":1,"minecraft:leather_leggings":1,"minecraft:stone_pickaxe":1066,"minecraft:oak_planks":118,"minecraft:wooden_pickaxe":13,"minecraft:sugar_cane":9,"minecraft:white_wool":1,"minecraft:blast_furnace":7,"minecraft:light_gray_terracotta":8,"minecraft:bread":104,"cfm:oak_upgraded_fence":39,"minecraft:lectern":8,"minecraft:iron_door":2,"minecraft:gravel":47,"minecraft:andesite":15,"minecraft:oak_boat":1,"minecraft:bone_meal":18,"projectvibrantjourneys:sandy_sprouts":2,"minecraft:oak_fence":234,"minecraft:stone_sword":11,"minecraft:stone_shovel":1612,"tacz:gun_smith_table":2,"minecraft:stone_hoe":137,"minecraft:cooked_chicken":5,"minecraft:oak_door":3,"minecraft:torch":261,"minecraft:dirt":1550,"minecraft:cobblestone_wall":3,"minecraft:granite":9,"minecraft:oak_fence_gate":3,"minecraft:wooden_axe":204,"projectvibrantjourneys:fallen_leaves":17,"minecraft:iron_axe":688,"minecraft:iron_boots":1,"cfm:stripped_oak_upgraded_fence":31,"minecraft:beef":3,"minecraft:gray_glazed_terracotta":1,"projectvibrantjourneys:cattail":1,"minecraft:cooked_beef":12,"minecraft:cobbled_deepslate":405,"minecraft:iron_leggings":1,"minecraft:wheat_seeds":42,"minecraft:cooked_mutton":10,"minecraft:water_bucket":4,"minecraft:birch_planks":1,"minecraft:baked_potato":39,"minecraft:stonecutter":2,"minecraft:cracked_stone_bricks":1,"minecraft:oak_slab":3,"minecraft:crafting_table":19,"minecraft:white_bed":3,"minecraft:smoker":2,"minecraft:oak_log":43,"minecraft:gray_terracotta":4,"minecraft:apple":16,"minecraft:diamond_pickaxe":9,"minecraft:cornflower":3,"minecraft:oxeye_daisy":1,"minecraft:oak_button":3,"minecraft:iron_pickaxe":988,"minecraft:stone_axe":104,"minecraft:cobblestone":9,"minecraft:porkchop":1,"minecraft:white_banner":2,"minecraft:cooked_porkchop":8,"minecraft:bucket":5,"minecraft:glass_pane":125,"minecraft:brush":4,"minecraft:pumpkin_pie":1,"alexsmobs:animal_dictionary":1,"minecraft:stripped_oak_log":15,"minecraft:gray_wool":1,"minecraft:dandelion":22},"minecraft:killed_by":{"minecraft:zombie":1},"minecraft:broken":{"minecraft:iron_shovel":1,"minecraft:iron_boots":1,"minecraft:iron_chestplate":1,"minecraft:iron_leggings":1,"minecraft:stone_pickaxe":6,"minecraft:iron_sword":1,"minecraft:wooden_axe":3,"minecraft:stone_shovel":11,"minecraft:stone_hoe":1,"minecraft:shield":1,"minecraft:iron_axe":3,"minecraft:iron_pickaxe":3,"minecraft:iron_helmet":1},"minecraft:custom":{"minecraft:animals_bred":4,"minecraft:interact_with_crafting_table":162,"minecraft:open_barrel":1,"minecraft:leave_game":27,"minecraft:time_since_death":6828,"minecraft:sprint_one_cm":3202817,"minecraft:damage_blocked_by_shield":2890,"minecraft:drop":124,"minecraft:talked_to_villager":39,"minecraft:play_time":976424,"minecraft:deaths":40,"minecraft:jump":15393,"minecraft:walk_on_water_one_cm":90419,"minecraft:interact_with_furnace":237,"minecraft:sleep_in_bed":54,"minecraft:damage_dealt":35274,"minecraft:crouch_one_cm":145215,"minecraft:interact_with_smoker":26,"minecraft:horse_one_cm":1359,"minecraft:interact_with_smithing_table":1,"minecraft:mob_kills":277,"minecraft:damage_dealt_resisted":2292,"minecraft:climb_one_cm":12378,"minecraft:walk_one_cm":2954797,"minecraft:sneak_time":56177,"minecraft:walk_under_water_one_cm":50132,"minecraft:boat_one_cm":107743,"minecraft:interact_with_blast_furnace":115,"minecraft:total_world_time":977135,"minecraft:raid_trigger":1,"minecraft:interact_with_stonecutter":4,"minecraft:time_since_rest":6851,"minecraft:damage_taken":19206,"minecraft:swim_one_cm":208557,"minecraft:fly_one_cm":3699269,"minecraft:open_chest":705,"minecraft:fall_one_cm":291238},"minecraft:killed":{"zombie_more:cursed_zombie":11,"guardvillagers:guard":1,"alexsmobs:lobster":9,"zombie_more:tank_zombie":10,"minecraft:zombified_piglin":1,"minecraft:spider":19,"minecraft:cod":6,"minecraft:zombie_horse":4,"minecraft:skeleton":7,"minecraft:guardian":1,"minecraft:chicken":8,"zombie_more:boomer_zombie":3,"minecraft:pig":8,"minecraft:zombie_villager":2,"mutantmonsters:mutant_skeleton":1,"minecraft:creeper":2,"minecraft:sheep":9,"minecraft:pillager":8,"minecraft:zombie":80,"zombie_more:explosive_zombie":9,"alexsmobs:fly":1,"minecraft:cow":18,"alexsmobs:raccoon":1,"minecraft:phantom":8,"minecraft:horse":1,"alexsmobs:bison":1,"minecraft:drowned":9,"minecraft:husk":12,"zombie_more:crawler_zombie":13,"minecraft:squid":2,"alexsmobs:catfish":1,"alexsmobs:crocodile":2,"alexsmobs:cockroach":1,"minecraft:enderman":2}},"DataVersion":3465}